name,page,wikidata_id,foundingYearOrg,address,city,province,is_member_of,head_name,head_title,governing_body,academicStaffSize,numberOfStudents,latitude,longitude,coord_level
Học viện Báo chí và Tuyên truyền,Học viện Báo chí và Tuyên truyền,Q10771877,1962,thành phố Hà Nội,Hà Nội,Hà Nội,,Phạm Minh Sơn,Giám đốc,Học viện Chính trị quốc gia Hồ Chí Minh,,,21.037800,105.788000,Exact
Học viện Hải quân,Học viện Hải quân,Q7928533,2022,Việt Nam,Nha Trang,Khánh Hòa,,,,Bộ Quốc phòng,,,12.215100,109.207000,Exact
Trường Đại học An Giang,"Trường Đại học An Giang, Đại học Quốc gia Thành phố Hồ Chí Minh",Q4750013,1976,"18 Ung Văn Khiêm, phường Long Xuyên",Long Xuyên,An Giang,Đại học Quốc gia Thành phố Hồ Chí Minh,Võ Văn Thắng,Hiệu trưởng,Đại học Quốc gia Thành phố Hồ Chí Minh,490,,10.371800,105.431000,Exact
Trường Đại học Đà Lạt,Trường Đại học Đà Lạt,Q3177493,1975,"Số 1, Phù Đổng Thiên Vương",Đà Lạt,Lâm Đồng,,Lê Minh Chiến,Hiệu trưởng,Bộ Giáo dục và Đào tạo,,3000,11.955639,108.442858,Exact
Trường Đại học Hải Phòng,Trường Đại học Hải Phòng,Q5638944,1959,Hải Phòng,Hải Phòng,Hải Phòng,,Bùi Xuân Hải,Hiệu trưởng,Bộ Giáo dục và Đào tạo,749,,20.839800,106.688000,Exact
Trường Đại học Hàng hải Việt Nam,Trường Đại học Hàng hải Việt Nam,Q7928523,1956,Hải Phòng,Hải Phòng,Hải Phòng,,Phạm Xuân Dương,Hiệu trưởng,Bộ Xây Dựng,683,,20.837335,106.695632,Exact
Trường Đại học Hùng Vương,Trường Đại học Hùng Vương,Q10829053,2003,Phường Nông Trang,Việt Trì,Phú Thọ,,Đỗ Khắc Thanh,Hiệu trưởng,Bộ Giáo dục và Đào tạo,315,,21.322700,105.401900,Approximate
Trường Đại học Khoa học Xã hội và Nhân văn,"Trường Đại học Khoa học Xã hội và Nhân văn, Đại học Quốc gia Hà Nội",Q10829064,1945,Hà Nội,Hà Nội,Hà Nội,Đại học Quốc gia Hà Nội,Hoàng Anh Tuấn,Hiệu trưởng,Đại học Quốc gia Hà Nội,292,13000,21.027800,105.834200,Approximate
Trường Đại học Kinh tế,"Trường Đại học Kinh tế, Đại học Quốc gia Hà Nội",Q5146680,1995,Hà Nội,Hà Nội,Hà Nội,Đại học Quốc gia Hà Nội,Lê Trung Thành,Hiệu trưởng,Đại học Quốc gia Hà Nội,180,,21.027800,105.834200,Approximate
Trường Đại học Lạc Hồng,Trường Đại học Lạc Hồng,Q10829092,1997,"Số 10 Huỳnh Văn Nghệ, phường Trấn Biên",Biên Hòa,Đồng Nai,,Lâm Thành Hiển,Hiệu trưởng,Bộ Giáo dục và Đào tạo,,20000,10.954500,106.802300,Exact
Trường Đại học Quốc tế Bắc Hà,Trường Đại học Quốc tế Bắc Hà,Q10829118,2007,Thị trấn Lim - huyện Tiên Du - Tỉnh Bắc Ninh,Hà Nội,Bắc Ninh,,PGS.TS.Nguyễn Quốc Trung,Hiệu trưởng,Bộ Giáo dục và Đào tạo,,,21.027800,105.834200,Approximate
Trường Đại học Vinh,Trường Đại học Vinh,Q20984308,1959,phường Trường Vinh,Vinh,Nghệ An,,GS.TS.Nguyễn Huy Bằng,Hiệu trưởng,Bộ Giáo dục và Đào tạo,1250,,18.658861,105.695889,Exact
Học viện Chính trị Công an nhân dân,Học viện Chính trị Công an nhân dân,Q122143828,2014,Việt Nam,,,,,,Bộ Công an,,2580,16.047079,108.206230,Approximate
Học viện Kỹ thuật và Công nghệ An ninh,Học viện Kỹ thuật và Công nghệ An ninh,Q24956646,1002,Nghệ An,,Nghệ An,,,,Bộ Công an,,1500,19.234200,104.920000,Approximate
Trường Trung cấp Cảnh sát nhân dân V,Trường Trung cấp Cảnh sát nhân dân V,Q24959055,2010,"Xã Bình Phục, huyện Thăng Bình",,Quảng Nam,,Thượng tá Bùi Nghi Lâm,Hiệu trưởng,Tổng cục Chính trịCông an nhân dân Việt Nam,,3000,15.539400,108.019100,Approximate
Học viện An ninh nhân dân,Học viện An ninh nhân dân,Q25417473,1946,Việt Nam,Hà Nội,Hà Nội,,,,Bộ Công an,,,21.027800,105.834200,Approximate
Học viện Cảnh sát nhân dân,Học viện Cảnh sát nhân dân,Q10771884,1968,"Đường Phạm Văn Nghị, phường Đông Ngạc",Hà Nội,Hà Nội,,Trần Minh Hưởng,Giám đốc,Bộ Công an,,10000,21.027800,105.834200,Approximate
Trường Đại học An ninh nhân dân,Trường Đại học An ninh nhân dân,Q86012406,,Việt Nam,Hồ Chí Minh,Hồ Chí Minh,,,,Bộ Công an,,,10.823100,106.629700,Approximate
Trường Đại học Cảnh sát nhân dân,Trường Đại học Cảnh sát nhân dân,Q20026260,2014,Việt Nam,Hồ Chí Minh,Hồ Chí Minh,,,,Bộ Công an tại Việt Nam,,3500,10.823100,106.629700,Approximate
Trường Đại học Phòng cháy chữa cháy,Trường Đại học Phòng cháy chữa cháy,Q20026261,,Việt Nam,Hà Nội,Hà Nội,,,,Bộ Công an,,6000,21.027800,105.834200,Approximate
Trường Cao đẳng Công nghệ Viettronics,Trường Cao đẳng Công nghệ Viettronics,Q10828791,2003,"118 Cát Bi, Hải An",Hải Phòng,Hải Phòng,,Nguyễn Thị Thiết,Hiệu trưởng,,120,450,20.844900,106.688100,Approximate
Trường Cao đẳng Công thương Thành phố Hồ Chí Minh,Trường Cao đẳng Công thương Thành phố Hồ Chí Minh,Q10828797,1976,Thành phố Hồ Chí Minh,Hồ Chí Minh,Hồ Chí Minh,,Bùi Mạnh Tuân,Hiệu trưởng,Bộ Công Thương,,,10.823100,106.629700,Approximate
Trường Cao đẳng Kỹ thuật Cao Thắng,Trường Cao đẳng Kỹ thuật Cao Thắng,Q10828800,,"65 Huỳnh Thúc Kháng, phường Sài Gòn",Hồ Chí Minh,Hồ Chí Minh,,Lê Đình Kha,Hiệu trưởng,,286,12000,10.823100,106.629700,Approximate
Trường Cao đẳng Công nghiệp Huế,Trường Cao đẳng Công nghiệp Huế,Q17266876,,Huế,Huế,Thừa Thiên Huế,,,,Bộ Công Thương,,1600,16.463700,107.590900,Approximate
Trường Cao đẳng Công nghiệp Nam Định,Trường Cao đẳng Công nghiệp Nam Định,Q24955503,1956,Nam Định,,Nam Định,,,,Bộ Công Thương,,,20.438800,106.162100,Approximate
Trường Cao đẳng Công thương Miền Trung,Trường Cao đẳng Công thương Miền Trung,Q10828787,1978,261 đường Nguyễn Tất Thành | Phường Tuy Hòa,Tuy Hòa,Đắk Lắk,,Nguyễn Thị Kim Ngọc,Hiệu trưởng,,,,13.095500 | 13.095500,109.320900 | 109.320900,Approximate | Approximate
Cao đẳng Kinh tế Đối ngoại,Cao đẳng Kinh tế Đối ngoại,Q30921816,1058,Thành phố Hồ Chí Minh,Hồ Chí Minh,Hồ Chí Minh,,Lê Ngọc Trung,Hiệu trưởng,Bộ Công Thương,259,,10.797500,106.681028,Exact
Trường Đại học Công nghiệp Thành phố Hồ Chí Minh,Trường Đại học Công nghiệp Thành phố Hồ Chí Minh,Q7895548,1956,Thành phố Hồ Chí Minh,Hồ Chí Minh,Hồ Chí Minh,,Phan Hồng Hải,Hiệu trưởng,Bộ Công Thương,,36000,10.938400,106.824000,Exact
Trường Đại học Công Thương Thành phố Hồ Chí Minh,Trường Đại học Công Thương Thành phố Hồ Chí Minh,Q10829026,1982,quận Tân Phú,Hồ Chí Minh,Hồ Chí Minh,,NGƯT. PGS. TS. Nguyễn Xuân Hoàn,Hiệu trưởng,Bộ Công Thương,,30000,10.823100,106.629700,Approximate
Trường Đại học Công nghiệp Việt – Hung,Trường Đại học Công nghiệp Việt – Hung,Q16480995,1977,Hà Nội,Hà Nội,Hà Nội,,"Nhà giáo nhân dân, Tiến sĩ Nguyễn Đức Trí",Hiệu trưởng,Bộ Công Thương,,4500,21.027800,105.834200,Approximate
Trường Đại học Công nghiệp Việt Trì,Trường Đại học Công nghiệp Việt Trì,Q10829016,1956,"9 Tiên Sơn, Tiên Cát, Việt Nam hoặc | khu 10, Tiên Kiên, Lâm Thao",Việt Trì,Phú Thọ,,Vũ Đức Bình,Hiệu trưởng,Bộ Công Thương và được giám sát về đào tạo bởi Bộ Giáo dục và Đào tạo,,,21.322700 | 21.322700,105.401900 | 105.401900,Approximate | Approximate
Đại học Công nghiệp Hà Nội,Đại học Công nghiệp Hà Nội,Q16892082,1898,"298 Cầu Diễn, phường Tây Tựu | Phường Tây Tựu | Phường Phù Vân",Hà Nội,Hà Nội,,Kiều Xuân Thực,Hiệu trưởng,Bộ Công Thương,1562,,21.054100 | 21.027800 | 21.027800,105.735000 | 105.834200 | 105.834200,Exact | Approximate | Approximate
Trường Đại học Sao Đỏ,Trường Đại học Sao Đỏ,Q10829121,2010,"Số 24, Thái Học 2, phường Sao Đỏ",Chí Linh,Hải Dương,,NGND.TS Đinh Văn Nhượng,Hiệu trưởng,Bộ Công Thương,284,,20.937300,106.314600,Approximate
Trường Đại học Công nghiệp Quảng Ninh,Trường Đại học Công nghiệp Quảng Ninh,Q10829025,,phường Yên Thọ,Đông Triều,Quảng Ninh,,Tiến sĩ. Hoàng Hùng Thắng,Hiệu trưởng,Bộ Công Thương,266,1500,21.006400,107.292500,Approximate
Trường Đại học Điện lực,Trường Đại học Điện lực,Q5357466,1898,"235 Hoàng Quốc Việt, phường Cổ Nhuế 1, quận Bắc Từ Liêm | Xã Tân Minh, huyện Sóc Sơn | 126 Phố Xốm, Phường Phú Lương",Hà Nội,Hà Nội,,Đinh Văn Châu,Hiệu trưởng,Bộ Công thương Việt Nam,,222,21.046800 | 21.027800 | 21.027800,105.785000 | 105.834200 | 105.834200,Exact | Approximate | Approximate
Trường Đại học Kinh tế – Kỹ thuật Công nghiệp,Trường Đại học Kinh tế – Kỹ thuật Công nghiệp,Q10829072,1206,Hà Nội,Hà Nội,Hà Nội,,Trần Hoàng Long,Hiệu trưởng,Bộ Công Thương Việt Nam,550,,21.027800,105.834200,Approximate
Trường Đại học Đồng Tháp,Trường Đại học Đồng Tháp,Q30263747,2003,"783 Phạm Hữu Lầu, Phường Cao Lãnh",,Đồng Tháp,,Hồ Văn Thống,Hiệu trưởng,Bộ Giáo dục và Đào tạo,2024,,10.420858,105.642929,Exact
Trường Đại học Giao thông Vận tải,Trường Đại học Giao thông Vận tải,Q10829041,1902,"Số 3 đường Cầu Giấy, phường Láng | Số 450-451 Lê Văn Việt, phường Tăng Nhơn Phú",Hà Nội,Hà Nội,,Nguyễn Văn Hùng{{Chú thích web,Hiệu trưởng,Bộ Giáo dục và Đào tạo,,,21.027800 | 21.027800,105.834200 | 105.834200,Approximate | Approximate
Trường Đại học Kiên Giang,Trường Đại học Kiên Giang,Q65172352,2006,xã Châu Thành,,An Giang,,Nguyễn Văn Thành,Hiệu trưởng,Bộ Giáo dục và Đào tạo,,,10.521600,105.125900,Approximate
Trường Đại học Mở Hà Nội,Trường Đại học Mở Hà Nội,Q86012409,1993,Hà Nội,Hà Nội,Hà Nội,,Nguyễn Thị Nhung,Hiệu trưởng,Bộ Giáo dục và Đào tạo,,35000,21.027800,105.834200,Approximate
Trường Đại học Mở Thành phố Hồ Chí Minh,Trường Đại học Mở Thành phố Hồ Chí Minh,Q10829094,1990,"35-37 Hồ Hảo Hớn, phường Cầu Ông Lãnh",Hồ Chí Minh,Hồ Chí Minh,,GVCC. Nguyễn Minh Hà,Hiệu trưởng,Bộ Giáo dục và Đào tạo,,,10.761111,106.692222,Exact
Trường Đại học Mỹ thuật Công nghiệp,Trường Đại học Mỹ thuật Công nghiệp,Q16481353,1949,Hà Nội,Hà Nội,Hà Nội,,Phạm Hùng Cường,Hiệu trưởng,Bộ Giáo dục và Đào tạo,,,21.027800,105.834200,Approximate
Trường Đại học Nha Trang,Trường Đại học Nha Trang,Q2740474,1959,Nha Trang,Nha Trang,Khánh Hòa,,,,Bộ Giáo dục và Đào tạo,472,,12.270300,109.200000,Exact
Trường Đại học Nông Lâm Thành phố Hồ Chí Minh,Trường Đại học Nông Lâm Thành phố Hồ Chí Minh,Q5873976,1955,Thành phố Hồ Chí Minh,Hồ Chí Minh,Hồ Chí Minh,,Nguyễn Tất Toàn,Hiệu trưởng,Bộ Giáo dục và Đào tạo thành lập trên cơ sở Trường Quốc gia Nông Lâm Mục Bảo Lộc,,22000,10.871300,106.791700,Exact
Học viện Quản lý giáo dục,Học viện Quản lý giáo dục,Q10771899,1309,Hà Nội,Hà Nội,Hà Nội,,Phạm Văn Thuần,Giám đốc,Bộ Giáo dục và Đào tạo,,,21.027800,105.834200,Approximate
Trường Đại học Quy Nhơn,Trường Đại học Quy Nhơn,Q10829116,,"170 An Dương Vương, phường Quy Nhơn Nam",Quy Nhơn,Bình Định,,Đoàn Đức Tùng,Hiệu trưởng,Bộ Giáo dục và Đào tạo,,80000,13.782000,109.219700,Approximate
Trường Đại học Sư phạm Hà Nội 2,Trường Đại học Sư phạm Hà Nội 2,Q10829128,1950,"32 Nguyễn Văn Linh, Phường Xuân Hòa",,Phú Thọ,,Nguyễn Quang Huy,Hiệu trưởng,Bộ Giáo dục và Đào tạo,316,,21.268400,105.204600,Approximate
Trường Đại học Sư phạm Kỹ thuật Hưng Yên,Trường Đại học Sư phạm Kỹ thuật Hưng Yên,Q7896405,1966,Trụ sở chính: xã Việt Tiến,,Hưng Yên,,Bùi Trung Thành,Hiệu trưởng,Bộ Giáo dục và Đào tạo,505,,20.938317,106.312390,Exact
Trường Đại học Công nghệ Kỹ thuật Thành phố Hồ Chí Minh,Trường Đại học Công nghệ Kỹ thuật Thành phố Hồ Chí Minh,Q10829131,1962,"Cơ sở 1. 1 Võ Văn Ngân, Phường Thủ Đức | Cơ sở 2. 484 Lê Văn Việt, Phường Tăng Nhơn Phú | Phân Hiệu Bình Phước: 899 Quốc lộ 14, Phường Bình Phước",Hồ Chí Minh,Hồ Chí Minh,,Lê Hiếu Giang,Hiệu trưởng,Bộ Giáo dục và Đào tạo,,,10.849900 | 10.823100 | 10.823100,106.771700 | 106.629700 | 106.629700,Exact | Approximate | Approximate
Trường Đại học Sư phạm Nghệ thuật Trung ương,Trường Đại học Sư phạm Nghệ thuật Trung ương,Q10829133,2010,Việt Nam,Hà Nội,Hà Nội,,,,Bộ Giáo dục và Đào tạo,,,21.027800,105.834200,Approximate
Trường Đại học Sư phạm Thể dục Thể thao Hà Nội,Trường Đại học Sư phạm Thể dục Thể thao Hà Nội,Q10829134,2003,Hà Nội,Hà Nội,Hà Nội,,Nguyễn Duy Quyết,Hiệu trưởng,Bộ Văn hóa,,,21.027800,105.834200,Approximate
Trường Đại học Sư phạm Thể dục Thể thao Thành phố Hồ Chí Minh,Trường Đại học Sư phạm Thể dục Thể thao Thành phố Hồ Chí Minh,Q10829135,1976,"639 Nguyễn Trãi, Phường 11, Quận 5",Hồ Chí Minh,Hồ Chí Minh,,Châu Vĩnh Huy,Hiệu trưởng,Bộ Văn hóa,,,10.823100,106.629700,Approximate
Trường Đại học Tây Bắc,Trường Đại học Tây Bắc,Q10829156,1960,"Đường Đặng Thai Mai, phường Tô Hiệu",,,,,,Bộ Giáo dục và Đào tạo,,,16.047079,108.206230,Approximate
Trường Đại học Tây Nguyên,Trường Đại học Tây Nguyên,Q16480583,1977,"567 đường Lê Duẩn, Đăk Lăk",Buôn Ma Thuột,Đắk Lắk,,Nguyễn Thanh Trúc,Hiệu trưởng,Bộ Giáo dục và Đào tạo,215,,12.666700,108.050000,Approximate
Trường Đại học Thương mại,Trường Đại học Thương mại,Q10829142,1960,Hà Nội,Hà Nội,Hà Nội,,Nguyễn Hoàng,Hiệu trưởng,Bộ Giáo dục và Đào tạo,610,,21.027800,105.834200,Approximate
Trường Đại học Việt Đức,Trường Đại học Việt Đức,Q835285,2022,Phường Thới Hoà,Hồ Chí Minh,Hồ Chí Minh,,René Thiele,Hiệu trưởng,Bộ Giáo dục và Đào tạo,,,11.107222,106.614444,Exact
Đại học Bách khoa Hà Nội,Đại học Bách khoa Hà Nội,Q3075696,1956,Hà Nội,Hà Nội,Hà Nội,,Huỳnh Quyết Thắng,Giám đốc,Bộ Giáo dục và Đào tạo,,40000,21.006389,105.843056,Exact
Trường Hóa và Khoa học Sự sống,"Trường Hóa và Khoa học Sự sống, Đại học Bách Khoa Hà Nội",,2023,Hà Nội,Hà Nội,Hà Nội,Đại học Bách Khoa Hà Nội,Chu Kỳ Sơn,Hiệu trưởng,Bộ Giáo dục và Đào tạo,,,21.027800,105.834200,Approximate
Trường Bách khoa,"Trường Bách khoa, Đại học Cần Thơ",,1103,TP. Cần Thơ,Cần Thơ,Cần Thơ,Đại học Cần Thơ,Nguyễn Văn Cương,Hiệu trưởng,Bộ Giáo dục và Đào tạo,,7000,10.045200,105.746900,Approximate
Trường Công nghệ Thông tin và Truyền thông,"Trường Công nghệ Thông tin và Truyền thông, Đại học Cần Thơ",,1102,TP. Cần Thơ,Cần Thơ,Cần Thơ,Đại học Cần Thơ,Nguyễn Hữu Hòa,Hiệu trưởng,Bộ Giáo dục và Đào tạo,,4900,10.045200,105.746900,Approximate
Đại học Cần Thơ,Đại học Cần Thơ,Q5029090,1966,"Khu 2, Đường 3/2, phường Ninh Kiều",Cần Thơ,Cần Thơ,,Trần Trung Tính,Hiệu trưởng,Bộ Giáo dục và Đào tạo,1104,985,10.032300,105.768000,Exact
Trường Kinh tế,"Trường Kinh tế, Đại học Cần Thơ",,1102,TP. Cần Thơ,Cần Thơ,Cần Thơ,Đại học Cần Thơ,Lê Khương Ninh,Hiệu trưởng,Bộ Giáo dục và Đào tạo,,7400,10.045200,105.746900,Approximate
Trường Nông nghiệp,"Trường Nông nghiệp, Đại học Cần Thơ",,1102,TP. Cần Thơ,Cần Thơ,Cần Thơ,Đại học Cần Thơ,Lê Văn Vàng,Hiệu trưởng,Bộ Giáo dục và Đào tạo,,7400,10.045200,105.746900,Approximate
Viện Đại học Cần Thơ,Viện Đại học Cần Thơ,Q10832797,1966,Cần Thơ,Cần Thơ,Cần Thơ,,,,Bộ Giáo dục và Đào tạo,,985,10.045200,105.746900,Approximate
Viện Đại học Đà Lạt,Viện Đại học Đà Lạt,Q10832803,1957,Đà Lạt,Đà Lạt,Lâm Đồng,,,,Bộ Giáo dục và Đào tạo,,,11.940400,108.458300,Approximate
Đại học Đà Nẵng,Đại học Đà Nẵng,Q945839,1994,Đà Nẵng,Đà Nẵng,Đà Nẵng,,Nguyễn Ngọc Vũ,Giám đốc,Bộ Giáo dục và Đào tạo,,,16.070939,108.219435,Exact
Phân hiệu Đại học Đà Nẵng tại Kon Tum,Phân hiệu Đại học Đà Nẵng tại Kon Tum,Q10805714,2007,"704 - Phan Đình Phùng, phường Kon Tum",,Kon Tum,Đại học Đà Nẵng,Nguyễn Phi Hùng,Hiệu trưởng,Bộ Giáo dục và Đào tạo,,500,14.349700,108.000500,Approximate
Trường Cao đẳng Công nghệ Thông tin Đà Nẵng,Trường Cao đẳng Công nghệ Thông tin Đà Nẵng,Q10828790,2003,"Tổ 31, Hải An, phường Ngũ Hành Sơn",Đà Nẵng,Đà Nẵng,,Huỳnh Công Pháp,Hiệu trưởng,Bộ Giáo dục và Đào tạo,100,3000,16.054400,108.202200,Approximate
Trường Đại học Bách khoa,"Trường Đại học Bách khoa, Đại học Đà Nẵng",Q5207276,1975,Đà Nẵng,Đà Nẵng,Đà Nẵng,Đại học Đà Nẵng,Nguyễn Hữu Hiếu,Hiệu trưởng,Bộ Giáo dục và Đào tạo,,,16.074893,108.153204,Exact
Trường Đại học Kinh tế,"Trường Đại học Kinh tế, Đại học Đà Nẵng",Q5207273,1975,TP. Đà Nẵng,Đà Nẵng,Đà Nẵng,Đại học Đà Nẵng,Lê Văn Huy,Hiệu trưởng,Bộ Giáo dục và Đào tạo,,4500,16.047778,108.239167,Exact
Trường Đại học Ngoại ngữ,"Trường Đại học Ngoại ngữ, Đại học Đà Nẵng",Q10829099,2002,TP. Đà Nẵng,Đà Nẵng,Đà Nẵng,Đại học Đà Nẵng,Trần Hữu Phúc,Hiệu trưởng,Bộ Giáo dục và Đào tạo,,,16.054400,108.202200,Approximate
Trường Đại học Sư phạm Kỹ thuật,"Trường Đại học Sư phạm Kỹ thuật, Đại học Đà Nẵng",Q10828792,1962,TP. Đà Nẵng,Đà Nẵng,Đà Nẵng,Đại học Đà Nẵng,Nguyễn Lê Hùng,Hiệu trưởng,Bộ Giáo dục và Đào tạo,,,16.054400,108.202200,Approximate
Trường Đại học Sư phạm,"Trường Đại học Sư phạm, Đại học Đà Nẵng",Q10829126,1994,TP. Đà Nẵng,Đà Nẵng,Đà Nẵng,Đại học Đà Nẵng,Võ Văn Minh,Hiệu trưởng,Bộ Giáo dục và Đào tạo,267,,16.054400,108.202200,Approximate
Phân hiệu Trường Đại học Giao thông Vận tải tại Thành phố Hồ Chí Minh,Phân hiệu Trường Đại học Giao thông Vận tải tại Thành phố Hồ Chí Minh,Q10829042,1990,Thành phố Hồ Chí Minh,Hồ Chí Minh,Hồ Chí Minh,,Nguyễn Văn Hùng,Hiệu trưởng,Bộ Giáo dục và Đào tạo,,10000,10.823100,106.629700,Approximate
Trường Đại học Hà Nội,Trường Đại học Hà Nội,Q10829049,1959,Hà Nội,Hà Nội,Hà Nội,,Nguyễn Văn Trào,Hiệu trưởng,Bộ Giáo dục và Đào tạo,,,20.989700,105.795200,Exact
Đại học Huế,Đại học Huế,Q1310048,1957,Huế,Huế,Thừa Thiên Huế,,Bùi Văn Lợi,Giám đốc,Bộ Giáo dục và Đào tạo,,1431,16.463700,107.590900,Approximate
Trường Trung học phổ thông chuyên Khoa học Huế,"Trường Trung học phổ thông chuyên Khoa học Huế, Đại học Huế",,1994,Huế,Huế,Thừa Thiên Huế,Đại học Huế,Trần Ngọc Tuyền,Hiệu trưởng,Bộ Giáo dục và Đào tạo,,,16.463700,107.590900,Approximate
Trường Du lịch,"Trường Du lịch, Đại học Huế",Q109429558,2008,TP. Huế,Huế,Thừa Thiên Huế,Đại học Huế,Trần Hữu Tuấn,Hiệu trưởng,Bộ Văn hóa,,3480,16.463700,107.590900,Approximate
Trường Đại học Khoa học,"Trường Đại học Khoa học, Đại học Huế",Q10829059,1957,thành phố Huế,Huế,Thừa Thiên Huế,Đại học Huế,Võ Thanh Tùng,Hiệu trưởng,Bộ Giáo dục và Đào tạo,,,16.463700,107.590900,Approximate
Trường Đại học Kinh tế,"Trường Đại học Kinh tế, Đại học Huế",Q61128606,2002,TP. Huế,Huế,Thừa Thiên Huế,Đại học Huế,Trương Tấn Quân,Hiệu trưởng,Bộ Giáo dục và Đào tạo,118,2500,16.463700,107.590900,Approximate
Trường Đại học Luật,"Trường Đại học Luật, Đại học Huế",Q61128742,,thành phố Huế,Huế,Thừa Thiên Huế,Đại học Huế,Đoàn Đức Lương,Hiệu trưởng,Bộ Giáo dục và Đào tạo,,,16.463700,107.590900,Approximate
Trường Đại học Nghệ thuật,"Trường Đại học Nghệ thuật, Đại học Huế",Q109430486,1957,thành phố Huế,Huế,Thừa Thiên Huế,Đại học Huế,,,Bộ Văn hóa,,,16.478528,107.575000,Exact
Trường Đại học Ngoại ngữ,"Trường Đại học Ngoại ngữ, Đại học Huế",Q10829097,2004,TP. Huế,Huế,Thừa Thiên Huế,Đại học Huế,Phạm Thị Hồng Nhung,Hiệu trưởng,Bộ Giáo dục và Đào tạo,,,16.466806,107.585621,Exact
Trường Đại học Nông Lâm,"Trường Đại học Nông Lâm, Đại học Huế",Q10829105,1967,TP. Huế,Huế,Thừa Thiên Huế,Đại học Huế,Trần Thanh Đức,Hiệu trưởng,Bộ Giáo dục và Đào tạo,32,,16.463700,107.590900,Approximate
Trường Đại học Y Dược,"Trường Đại học Y Dược, Đại học Huế",Q10829171,1957,"06 Ngô Quyền, phường Thuận Hóa",Huế,Thừa Thiên Huế,Đại học Huế,Nguyễn Vũ Quốc Huy,Hiệu trưởng,Đại học Huế,334,,16.463700,107.590900,Approximate
Đại học Kinh tế Quốc dân,Đại học Kinh tế Quốc dân,Q6972380,1956,Hà Nội,Hà Nội,Hà Nội,,Bùi Huy Nhượng,Giám đốc,Bộ Giáo dục và Đào tạo,759,22000,20.999722,105.844814,Exact
Đại học Kinh tế Thành phố Hồ Chí Minh,Đại học Kinh tế Thành phố Hồ Chí Minh,Q2562140,1976,Hồ Chí Minh,Hồ Chí Minh,Hồ Chí Minh,,Bùi Quang Hùng,Giám đốc,Bộ Giáo dục và Đào tạo,,,10.784000,106.694000,Exact
Phân hiệu Đại học Kinh tế Thành phố Hồ Chí Minh tại Vĩnh Long,Phân hiệu Đại học Kinh tế Thành phố Hồ Chí Minh tại Vĩnh Long,,2004,"1B Nguyễn Trung Trực, phường Tân Hạnh",,Vĩnh Long,Đại học Kinh tế Thành phố Hồ Chí Minh,,,Bộ Giáo dục và Đào tạo,,,10.239700,105.957200,Approximate
Trường Đại học Mỏ – Địa chất,Trường Đại học Mỏ – Địa chất,Q10829093,1966,Hà Nội,Hà Nội,Hà Nội,,Trần Thanh Hải,Hiệu trưởng,Bộ Giáo dục và Đào tạo,,16000,21.073400,105.773800,Exact
Trường Đại học Ngoại thương,Trường Đại học Ngoại thương,Q5468340,1960,"Trụ sở chính: 91 Chùa Láng, Láng",Hà Nội,Hà Nội,,Phạm Thu Hương,Hiệu trưởng,Bộ Giáo dục và Đào tạo,850,,21.023000,105.805000,Exact
Phân hiệu Trường Đại học Ngoại thương tại Thành phố Hồ Chí Minh,Phân hiệu Trường Đại học Ngoại thương tại Thành phố Hồ Chí Minh,Q10829100,1485,Thành phố Hồ Chí Minh,Hồ Chí Minh,Hồ Chí Minh,,Không có,Hiệu trưởng,Bộ Giáo dục và Đào tạo,528,3500,10.823100,106.629700,Approximate
Trường Đại học Sư phạm Hà Nội,Trường Đại học Sư phạm Hà Nội,Q5649329,1950,Hà Nội,Hà Nội,Hà Nội,,Nguyễn Đức Sơn,Hiệu trưởng,Bộ Giáo dục và Đào tạo,,,21.027800,105.834200,Approximate
Trường Trung học phổ thông chuyên,"Trường Trung học phổ thông chuyên, Trường Đại học Sư phạm Hà Nội",Q10828937,1966,Thành phố Hà Nội,Hà Nội,Hà Nội,Trường Đại học Sư phạm Hà Nội,Vũ Văn Tiến,Hiệu trưởng,Bộ Giáo dục và Đào tạo,,,21.037778,105.783889,Exact
Phân hiệu Long An,"Phân hiệu Long An, Trường Đại học Sư phạm Thành phố Hồ Chí Minh",Q10828805,,Hồ Chí Minh,Hồ Chí Minh,Hồ Chí Minh,,,,Bộ Giáo dục và Đào tạo,,,10.823100,106.629700,Approximate
Trường Đại học Sư phạm Thành phố Hồ Chí Minh,Trường Đại học Sư phạm Thành phố Hồ Chí Minh,Q10489198,1976,Thành phố Hồ Chí Minh,Hồ Chí Minh,Hồ Chí Minh,,Huỳnh Văn Sơn,Hiệu trưởng,Bộ Giáo dục và Đào tạo,619,23239,10.761431,106.682169,Exact
Đại học Thái Nguyên,Đại học Thái Nguyên,Q10841229,1994,Thái Nguyên,Thái Nguyên,Thái Nguyên,,Hoàng Văn Hùng,Giám đốc,Bộ Giáo dục và Đào tạo,,,21.594200,105.848200,Approximate
Trường Đại học Công nghệ thông tin và Truyền thông,"Trường Đại học Công nghệ thông tin và Truyền thông, Đại học Thái Nguyên",Q10829030,2001,thành phố Thái Nguyên,Thái Nguyên,Thái Nguyên,Đại học Thái Nguyên,Phùng Trung Nghĩa,Hiệu trưởng,Bộ Giáo dục và Đào tạo,,10000,21.594200,105.848200,Approximate
Trường Đại học Khoa học,"Trường Đại học Khoa học, Đại học Thái Nguyên",Q10829057,1901,"Tổ 2, Phường Phan Đình Phùng",Thái Nguyên,Thái Nguyên,Đại học Thái Nguyên,Nguyễn Văn Đăng,Hiệu trưởng,Bộ Giáo dục và Đào tạo,,,21.588268,105.807945,Exact
Trường Đại học Kinh tế và Quản trị kinh doanh,"Trường Đại học Kinh tế và Quản trị kinh doanh, Đại học Thái Nguyên",Q10829077,2004,Thái Nguyên,Thái Nguyên,Thái Nguyên,Đại học Thái Nguyên,"Đinh Hồng LinhPhụ trách:- Xây dựng kế hoạch, chiến lược và giải pháp phát triển Nhà trường.- Quản lý tài sản, tài chính",Hiệu trưởng,Bộ Giáo dục và Đào tạo,,7881,21.594200,105.848200,Approximate
Trường Đại học Kỹ thuật Công nghiệp,"Trường Đại học Kỹ thuật Công nghiệp, Đại học Thái Nguyên",Q10829082,1965,Thái Nguyên,Thái Nguyên,Thái Nguyên,Đại học Thái Nguyên,Đỗ Trung Hải,Hiệu trưởng,Bộ Công Thương,,,21.594200,105.848200,Approximate
Trường Đại học Nông Lâm,"Trường Đại học Nông Lâm, Đại học Thái Nguyên",Q10829106,1970,TP. Thái Nguyên,Thái Nguyên,Thái Nguyên,Đại học Thái Nguyên,Trần Văn Điền,Hiệu trưởng,Bộ Giáo dục và Đào tạo,,395,21.594934,105.812721,Exact
Trường Đại học Sư phạm,"Trường Đại học Sư phạm, Đại học Thái Nguyên",Q10829125,1966,Thái Nguyên,Thái Nguyên,Thái Nguyên,Đại học Thái Nguyên,Phó Giáo sư.Tiến sĩ. Mai Xuân Trường,Hiệu trưởng,Bộ Giáo dục và Đào tạo,470,,21.594200,105.848200,Approximate
Trường Đại học Y Dược,"Trường Đại học Y Dược, Đại học Thái Nguyên",Q10829169,1950,TP. Thái Nguyên,Thái Nguyên,Thái Nguyên,Đại học Thái Nguyên,Nguyễn Tiến Dũng,Hiệu trưởng,Đại học Thái Nguyên,,,21.594200,105.848200,Approximate
Trường Trung học phổ thông chuyên,"Trường Trung học phổ thông chuyên, Trường Đại học Vinh",Q16480612,1966,Trường Vinh,Vinh,Nghệ An,Trường Đại học Vinh,Phạm Xuân Chung,Hiệu trưởng,Bộ Giáo dục và Đào tạo,,,18.660806,105.694861,Exact
Trường Đại học Xây dựng Hà Nội,Trường Đại học Xây dựng Hà Nội,Q6134439,1966,Hà Nội,Hà Nội,Hà Nội,,Hoàng Tùng,Hiệu trưởng,Bộ Giáo dục và Đào tạo,948,19000,21.027800,105.834200,Approximate
Trường Đại học Công nghệ Giao thông vận tải,Trường Đại học Công nghệ Giao thông vận tải,Q20025751,1902,25px Hà Nội,Hà Nội,Hà Nội,,Nguyễn Hoàng Long,Hiệu trưởng,Bộ Xây Dựng,486,2000,21.027800,105.834200,Approximate
Trường Đại học Giao thông vận tải Thành phố Hồ Chí Minh,Trường Đại học Giao thông vận tải Thành phố Hồ Chí Minh,Q10829043,1988,"Số 2, đường Võ Oanh, Phường 25, quận Bình Thạnh",Hồ Chí Minh,Hồ Chí Minh,,Nguyễn Xuân Phương,Hiệu trưởng,Bộ Xây dựng,,36000,10.804600,106.716500,Exact
Học viện Chính sách và Phát triển,Học viện Chính sách và Phát triển,Q109440209,2008,"Khu đô thị Nam An Khánh, xã An Khánh",Hà Nội,Hà Nội,,Trần Trọng Nguyên,Giám đốc,Bộ Tài chính,,,21.027800,105.834200,Approximate
Trường Cao đẳng Kinh tế – Kế hoạch Đà Nẵng,Trường Cao đẳng Kinh tế – Kế hoạch Đà Nẵng,Q61128899,1976,Đà Nẵng,Đà Nẵng,Đà Nẵng,,,,UBND Thành phố Đà Nẵng,133,4000,16.054400,108.202200,Approximate
Trường Cao đẳng Cộng đồng Đồng Tháp,Trường Cao đẳng Cộng đồng Đồng Tháp,Q65190377,,"Trụ sở chính: Số 259 Thiên Hộ Dương, phường Cao Lãnh, và | số 2 Trần Phú, Phường Sa Đéc",,Đồng Tháp,,Phạm Quang Huy,Hiệu trưởng,Bộ Lao động- Thương binh và Xã hội,173,,10.493800 | 10.493800,105.688200 | 105.688200,Approximate | Approximate
Trường Cao đẳng Công nghệ và Thương mại Hà Nội,Trường Cao đẳng Công nghệ và Thương mại Hà Nội,Q10828782,2007,Hà Nội,Hà Nội,Hà Nội,,Nguyễn Xuân Sang,Hiệu trưởng,UBND Thành phố Hà Nội,,9000,21.027800,105.834200,Approximate
Trường Cao đẳng nghề Công nghiệp Thanh Hóa,Trường Cao đẳng nghề Công nghiệp Thanh Hóa,Q10828821,1961,Thanh Hóa,,Thanh Hóa,,,,Bộ Công Thương,,,19.806700,105.785200,Approximate
Trường Đại học Sư phạm Kỹ thuật Nam Định,Trường Đại học Sư phạm Kỹ thuật Nam Định,Q10829129,1263,"Đường Phù Nghĩa, Phường Thiên Trường",,Ninh Bình,,Nguyễn Mạnh Tiến,Hiệu trưởng,Bộ Giáo dục và Đào tạo,,,20.250600,105.974500,Approximate
Trường Đại học Sư phạm Kỹ thuật Vinh,Trường Đại học Sư phạm Kỹ thuật Vinh,Q10829132,1960,Vinh,Vinh,Nghệ An,,,,Bộ Giáo dục và Đào tạo - định hướng khoa học ứng dụng và thực hành,,,18.679600,105.681300,Approximate
Trường Đại học Sư phạm Kỹ thuật Vĩnh Long,Trường Đại học Sư phạm Kỹ thuật Vĩnh Long,Q108737605,1852,"Số 73, Nguyễn Huệ, phường Long Châu",,Vĩnh Long,,Nguyễn Thanh Tùng,Hiệu trưởng,Bộ Giáo dục và Đào tạo,,13000,10.250070,105.962170,Exact
Trường Đại học Lao động - Xã hội cơ sở 2,"Trường Đại học Lao động - Xã hội cơ sở 2, Thành phố Hồ Chí Minh",Q10829086,1434,Thành phố Hồ Chí Minh,Hồ Chí Minh,Hồ Chí Minh,Thành phố Hồ Chí Minh,Nguyễn Thị Hoa Tâm,Giám đốc,Bộ Nội vụ,,1000,10.866649,106.617584,Exact
Trường Đại học Lao động – Xã hội,Trường Đại học Lao động – Xã hội,Q10829085,1961,"43 đường Trần Duy Hưng, phường Yên Hòa | 1018 Tô Ký, phường Trung Mỹ Tây",Hà Nội,Hà Nội,,Phạm Ngọc Thành,Hiệu trưởng,Bộ Giáo dục và Đào tạo,,,21.027800 | 21.027800,105.834200 | 105.834200,Approximate | Approximate
Học viện Ngân hàng,Học viện Ngân hàng,Q10771894,1961,"Trụ sở chính: 12 Chùa Bộc, phường Quang Trung, Đống Đa",Hà Nội,Hà Nội,,Mai Thanh Quế - Phụ trách Ban Học viện,Giám đốc,Ngân hàng Nhà nước Việt Nam,,,21.008848,105.828696,Exact
Trường Đại học Ngân hàng Thành phố Hồ Chí Minh,Trường Đại học Ngân hàng Thành phố Hồ Chí Minh,Q4856328,1957,Thành phố Hồ Chí Minh,Hồ Chí Minh,Hồ Chí Minh,,,,Ngân hàng Nhà nước Việt Nam,,,10.858400,106.763000,Exact
Học viện Ngoại giao,Học viện Ngoại giao,Q10771893,1959,"số 69 phố Chùa Láng, phường Láng Thượng",Hà Nội,Hà Nội,,Nguyễn Hùng Sơn,Giám đốc,Bộ Ngoại giao,,,21.023200,105.807100,Exact
Trường Đại học Nội vụ Hà Nội,Trường Đại học Nội vụ Hà Nội,Q10829107,1971,Hà Nội,Hà Nội,Hà Nội,,"Phó Giáo sư, Tiến sĩ Nguyễn Bá Chiến",Hiệu trưởng,Bộ Nội vụ,,,21.027800,105.834200,Approximate
Học viện Hành chính và Quản trị công,Học viện Hành chính và Quản trị công,Q10771885,1959,Việt Nam,Hà Nội,Hà Nội,,Nguyễn Bá Chiến,Giám đốc,Học viện Chính trị quốc gia Hồ Chí Minh,,,21.026251,105.811530,Exact
Trường Cao đẳng Cơ điện và Nông nghiệp Nam Bộ,Trường Cao đẳng Cơ điện và Nông nghiệp Nam Bộ,Q10828793,1969,"số 184 - Tỉnh lộ 923, phường Phước Thới",Cần Thơ,Cần Thơ,,Trần Văn Tám,Hiệu trưởng,,,3000,10.045200,105.746900,Approximate
Trường Cao đẳng nghề Cơ điện Xây dựng Tam Điệp,Trường Cao đẳng nghề Cơ điện Xây dựng Tam Điệp,Q10828823,,Phường Trung Sơn,Tam Điệp,Ninh Bình,,Vũ Tường Nhuệ,Hiệu trưởng,,,4500,20.250600,105.974500,Approximate
Trường Cao đẳng Cơ giới Ninh Bình,Trường Cao đẳng Cơ giới Ninh Bình,Q10828822,1970,Yên Thắng,,Ninh Bình,,Dương Văn Cường,Hiệu trưởng,UBND Tỉnh Ninh Bình,,,20.250600,105.974500,Approximate
Trường Đại học Thủy lợi,Trường Đại học Thủy lợi,Q7973360,1959,Hà Nội,Hà Nội,Hà Nội,,Nguyễn Trung Việt,Hiệu trưởng,Bộ Nông nghiệp và Môi trường,,,21.007381,105.824519,Exact
Học viện Nông nghiệp Việt Nam,Học viện Nông nghiệp Việt Nam,Q5649335,1956,Hà Nội,Hà Nội,Hà Nội,,1,Hiệu trưởng,Bộ Nông nghiệp và Môi trường,800,40000,21.004600,105.938652,Exact
Trường Đại học Lâm nghiệp,Trường Đại học Lâm nghiệp,Q10829090,1956,Hà Nội,Hà Nội,Hà Nội,,NGƯT.GS.TS. Phạm Văn Điển,Hiệu trưởng,Bộ Giáo dục và Đào tạo,,,21.027800,105.834200,Approximate
Viện Sinh thái rừng và Môi trường,"Viện Sinh thái rừng và Môi trường, Đại học Lâm nghiệp Việt Nam",Q10832777,1583,Việt Nam,,,,,,Bộ Giáo dục và Đào tạo,,,16.047079,108.206230,Approximate
Trường Sĩ quan Chính trị – Đại học Chính trị,Trường Sĩ quan Chính trị – Đại học Chính trị,Q16480483,1976,Việt Nam,,,,,,Bộ Quốc phòng,,,16.047079,108.206230,Approximate
Trường Sĩ quan Công binh – Đại học Ngô Quyền,Trường Sĩ quan Công binh – Đại học Ngô Quyền,Q10828879,,Việt Nam,Hồ Chí Minh,Hồ Chí Minh,,,,Bộ Quốc phòng,,,10.823100,106.629700,Approximate
Trường Cao đẳng Công nghệ và Kỹ thuật Ô tô,Trường Cao đẳng Công nghệ và Kỹ thuật Ô tô,Q16480478,1389,Việt Nam,,,,,,Bộ Quốc phòng,,,16.047079,108.206230,Approximate
Trường Cao đẳng Công nghiệp Quốc phòng,Trường Cao đẳng Công nghiệp Quốc phòng,Q10828785,1952,Việt Nam,,,,,,Bộ Công Thương,,,22.000000,103.000000,Exact
Trường Sĩ quan Đặc công,Trường Sĩ quan Đặc công,Q10828885,1967,Việt Nam,,,,,,Bộ Quốc phòng,,,16.047079,108.206230,Approximate
Học viện Quân chính,Học viện Quân chính,Q10771898,1961,Việt Nam,,,,,,Bộ Quốc phòng,,,16.047079,108.206230,Approximate
Trường Sĩ quan Không quân,Trường Sĩ quan Không quân,Q10828884,1959,Việt Nam,Nha Trang,Khánh Hòa,,,,Bộ Quốc phòng,,,12.238800,109.196700,Approximate
Trường Sĩ quan Pháo binh,Trường Sĩ quan Pháo binh,Q10828880,1957,Việt Nam,Hà Nội,Hà Nội,,,,Bộ Quốc phòng,,2000,21.027800,105.834200,Approximate
Trường Sĩ quan Phòng hóa,Trường Sĩ quan Phòng hóa,Q10828881,1976,Việt Nam,,,,,,Bộ Quốc phòng,,9921,16.047079,108.206230,Approximate
Trường Sĩ quan Tăng – Thiết giáp,Trường Sĩ quan Tăng – Thiết giáp,Q10828883,1965,Việt Nam,,Vĩnh Phúc,,,,Bộ Tư lệnh Tăng - Thiết giáp của Bộ Quốc phòng,,,21.360900,105.547400,Approximate
Trường Sĩ quan Thông tin – Đại học Thông tin Liên lạc,Trường Sĩ quan Thông tin – Đại học Thông tin Liên lạc,Q16480503,1951,Việt Nam,,,,,,Bộ Quốc phòng,,,16.047079,108.206230,Approximate
Trường Đại học Trần Đại Nghĩa,Trường Đại học Trần Đại Nghĩa,Q10829151,1975,Việt Nam,Hồ Chí Minh,Hồ Chí Minh,,,,Bộ Quốc phòng Việt,,,10.823100,106.629700,Approximate
Trường Đại học Văn hóa – Nghệ thuật Quân đội,Trường Đại học Văn hóa – Nghệ thuật Quân đội,Q10829163,1955,Việt Nam,Hà Nội,Hà Nội,,,,Quân đội Nhân dân Việt Nam,,,21.017478,105.807343,Exact
Học viện Chính trị,Học viện Chính trị,Q16480519,1951,Việt Nam,Hà Nội,Hà Nội,,,,Bộ Quốc phòng,,,21.027800,105.834200,Approximate
Học viện Hậu cần,Học viện Hậu cần,Q10771887,1951,Việt Nam,Hà Nội,Hà Nội,,,,Bộ Quốc phòng,,,21.066199,105.875809,Exact
Học viện Khoa học Quân sự,Học viện Khoa học Quân sự,Q10771888,1957,Việt Nam,,,,,,Bộ Quốc phòng,28,18307,16.047079,108.206230,Approximate
Học viện Kỹ thuật Mật mã,Học viện Kỹ thuật Mật mã,Q10771890,1995,Việt Nam,,,,,,Ban Cơ yếu Chính phủ,,,21.022816,105.801944,Exact
Trường Sĩ quan Lục quân 1 – Đại học Trần Quốc Tuấn,Trường Sĩ quan Lục quân 1 – Đại học Trần Quốc Tuấn,Q10829150,1945,Việt Nam,,,,,,Bộ Quốc phòng,,,16.047079,108.206230,Approximate
Trường Sĩ quan Lục quân 2 – Đại học Nguyễn Huệ,Trường Sĩ quan Lục quân 2 – Đại học Nguyễn Huệ,Q10829101,1961,Việt Nam,,,,,,Bộ Quốc phòng,,,16.047079,108.206230,Approximate
Trường Đại học Tài chính - Kế toán,Trường Đại học Tài chính - Kế toán,Q118446437,1963,Việt Nam,Hà Nội,Hà Nội,,,,Bộ Tài chính,,,21.027800,105.834200,Approximate
Trường Đại học Tài chính – Kế toán,Trường Đại học Tài chính – Kế toán,Q18460961,1264,"Thị trấn La Hà, huyện Tư Nghĩa | 286 Phạm Văn Đồng, phường Phú Thượng, quận Thuận Hóa",Huế,Quảng Ngãi,,Phạm Sỹ Hùng,Hiệu trưởng,Bộ Tài chính,,,16.463700 | 16.463700,107.590900 | 107.590900,Approximate | Approximate
Trường Đại học Tài chính – Marketing,Trường Đại học Tài chính – Marketing,Q10829152,1976,Thành phố Hồ Chí Minh,Hồ Chí Minh,Hồ Chí Minh,,Phạm Tiến Đạt,Hiệu trưởng,Bộ Tài chính,,,10.823100,106.629700,Approximate
Trường Đại học Tài chính – Quản trị kinh doanh,Trường Đại học Tài chính – Quản trị kinh doanh,Q61130366,1965,"xã Trưng Trắc, huyện Văn Lâm | xã Như Quỳnh, huyện Văn Lâm",,Hưng Yên,,Nguyễn Trọng Nghĩa,Hiệu trưởng,Bộ Tài chính,,,20.646400 | 20.646400,106.051100 | 106.051100,Approximate | Approximate
Học viện Tài chính,Học viện Tài chính,Q10771904,2001,Hà Nội,Hà Nội,Hà Nội,,"Phó Giáo sư, Tiến sĩ, Nhà giáo ưu tú Nguyễn Đào Tùng",Giám đốc,Bộ Tài chính,750,20000,21.027800,105.834200,Approximate
Trường Đại học Tài nguyên và Môi trường Thành phố Hồ Chí Minh,Trường Đại học Tài nguyên và Môi trường Thành phố Hồ Chí Minh,Q10829153,1976,"236B Lê Văn Sỹ, phường 1, quận Tân Bình",Hồ Chí Minh,Hồ Chí Minh,,Huỳnh Quyền,Hiệu trưởng,Bộ Tài nguyên và Môi trường,240,,10.796432,106.664608,Exact
Trường Đại học Tài nguyên và Môi trường Hà Nội,Trường Đại học Tài nguyên và Môi trường Hà Nội,Q18461615,1955,Hà Nội,Hà Nội,Hà Nội,,Huỳnh Thị Lan Hương,Hiệu trưởng,Bộ Giáo dục và Đào tạo,551,,21.046333,105.762444,Exact
Phân hiệu Trường Đại học Tài nguyên và Môi trường Hà Nội tại Thanh Hóa,Phân hiệu Trường Đại học Tài nguyên và Môi trường Hà Nội tại Thanh Hóa,Q97964293,1968,"Số 04 - Trần Phú, phường Ba Đình, thị xã Bỉm Sơn",,Thanh Hóa,,Hoàng Anh Huy,Giám đốc,Bộ Tài nguyên và Môi trường và,,,19.806700,105.785200,Approximate
Học viện Công nghệ Bưu chính Viễn thông,Học viện Công nghệ Bưu chính Viễn thông,Q10771881,1953,Hà Nội,Hà Nội,Hà Nội,,Đặng Hoài Bắc,Giám đốc,Bộ Khoa học và Công nghệ,900,29000,20.981000,105.787080,Exact
Trường Cao đẳng Phát thanh - Truyền hình I,Trường Cao đẳng Phát thanh - Truyền hình I,Q10828802,1957,Phủ Lý,,Hà Nam,,Nguyễn Văn Hùng,Hiệu trưởng,Bộ Văn hóa – Thông tin,,,20.583500,105.922900,Approximate
Trường Cao đẳng Phát thanh - Truyền hình II,Trường Cao đẳng Phát thanh - Truyền hình II,Q10828803,1296,Phủ Lý,,Hà Nam,,Nguyễn Văn Hùng,Hiệu trưởng,,,,20.583500,105.922900,Approximate
Trường Đại học Luật Hà Nội,Trường Đại học Luật Hà Nội,Q10829088,1727,"87 Đường Nguyễn Chí Thanh, phường Giảng Võ | Đường Hoàng Quốc Việt, phường Đồng Nguyên",Hà Nội,Hà Nội,,,,Bộ Tư pháp,,23392,21.027800 | 21.027800,105.834200 | 105.834200,Approximate | Approximate
Học viện Dân tộc,Học viện Dân tộc,Q65164557,2016,"Thôn Chi Đông 2, xã Quang Minh",Hà Nội,Hà Nội,,,,Bộ Dân tộc và Tôn giáo,,,21.027800,105.834200,Approximate
Trường Phổ thông Vùng cao Việt Bắc,Trường Phổ thông Vùng cao Việt Bắc,Q109432443,1957,TP Thái Nguyên,Thái Nguyên,Thái Nguyên,,Lục Thúy Hằng,Hiệu trưởng,,,,21.583756,105.805914,Exact
Học viện Âm nhạc Huế,Học viện Âm nhạc Huế,Q10771910,1962,Huế,Huế,Thừa Thiên Huế,,Hà Mai Hương,Giám đốc,Bộ Văn hóa,,,16.463700,107.590900,Approximate
Học viện Âm nhạc Quốc gia Việt Nam,Học viện Âm nhạc Quốc gia Việt Nam,Q5649320,1956,thành phố Hà Nội,Hà Nội,Hà Nội,,TS.NSND. Đỗ Quốc Hưng,Giám đốc,Bộ Văn hóa,,,21.027800,105.834200,Approximate
Học viện Múa Việt Nam,Học viện Múa Việt Nam,Q65172277,1959,Hà Nội,Hà Nội,Hà Nội,,NSƯT Trần Văn Hải,Giám đốc,Bộ Văn hóa,,,21.027800,105.834200,Approximate
Trường Đại học Mỹ thuật Thành phố Hồ Chí Minh,Trường Đại học Mỹ thuật Thành phố Hồ Chí Minh,Q877269,1913,Thành phố Hồ Chí Minh,Hồ Chí Minh,Hồ Chí Minh,,Nguyễn Văn Minh,Hiệu trưởng,André Joyeux,,,10.802900,106.694000,Exact
Trường Cao đẳng Mỹ thuật Đông Dương,"Trường Cao đẳng Mỹ thuật Đông Dương, Viện Đại học Đông Dương",,,Việt Nam,,,Viện Đại học Đông Dương,,,Bộ Văn hóa,,128,16.047079,108.206230,Approximate
Trường Đại học Mỹ thuật Việt Nam,Trường Đại học Mỹ thuật Việt Nam,Q3815307,1924,Việt Nam,,,,,,Bộ Văn hóa,,,21.022136,105.842789,Exact
Trường Đại học Sân khấu – Điện ảnh Thành phố Hồ Chí Minh,Trường Đại học Sân khấu – Điện ảnh Thành phố Hồ Chí Minh,Q5873944,1977,"125 Cống Quỳnh, Phường Cầu Ông Lãnh",Hồ Chí Minh,Hồ Chí Minh,,Phạm Huy Quang,Hiệu trưởng,Bộ Giáo dục và Đào tạo,,,10.766667,106.700000,Exact
Trường Đại học Thể dục Thể thao Bắc Ninh,Trường Đại học Thể dục Thể thao Bắc Ninh,Q10829143,,Phường Đồng Nguyên,,Bắc Ninh,,Nguyễn Văn Phúc,Hiệu trưởng,Bộ Văn hóa,,,21.186100,106.076300,Approximate
Trường Đại học Thể dục Thể thao Đà Nẵng,Trường Đại học Thể dục Thể thao Đà Nẵng,Q10829144,,Đà Nẵng,Đà Nẵng,Đà Nẵng,,Phan Thanh Hài,Hiệu trưởng,Bộ Văn hóa,,,16.054400,108.202200,Approximate
Trường Đại học Thể dục thể thao Thành phố Hồ Chí Minh,Trường Đại học Thể dục thể thao Thành phố Hồ Chí Minh,Q7579810,1976,"Khu phố 33, phường Linh Xuân",Hồ Chí Minh,Hồ Chí Minh,,Võ Quốc Thắng,Hiệu trưởng,Bộ Văn hóa,,,10.878731,106.795278,Exact
Trường Đại học Văn hóa Hà Nội,Trường Đại học Văn hóa Hà Nội,Q10829164,1959,Hà Nội,Hà Nội,Hà Nội,,Phạm Thị Thu Hương,Hiệu trưởng,Bộ Văn hóa,,,21.027800,105.834200,Approximate
Trường Đại học Văn hóa Thành phố Hồ Chí Minh,Trường Đại học Văn hóa Thành phố Hồ Chí Minh,Q5873981,1976,"CS1: 51 Quốc Hương, P. An Khánh | CS2: 288 Đỗ Xuân Hợp, P. Phước Long",Hồ Chí Minh,Hồ Chí Minh,,Lâm Nhân,Hiệu trưởng,Bộ Văn hóa,,,10.805800 | 10.823100,106.731000 | 106.629700,Exact | Approximate
Trường Đại học Sân khấu – Điện ảnh Hà Nội,Trường Đại học Sân khấu – Điện ảnh Hà Nội,Q10829124,1959,Hà Nội,Hà Nội,Hà Nội,,Ts.NSƯT Bùi Như Lai,Hiệu trưởng,Bộ Giáo dục và Đào tạo,,,21.027800,105.834200,Approximate
Học viện Khoa học và Công nghệ,Học viện Khoa học và Công nghệ,Q61128190,1411,Việt Nam,,,,,,Viện Hàn lâm Khoa học và Công nghệ Việt Nam,,,16.047079,108.206230,Approximate
Trường Đại học Khoa học và Công nghệ Hà Nội,Trường Đại học Khoa học và Công nghệ Hà Nội,Q15260958,2009,Hà Nội,Hà Nội,Hà Nội,,,,Bộ Giáo dục và Đào tạo,,,21.048157,105.801289,Exact
Học viện Khoa học Xã hội,Học viện Khoa học Xã hội,Q10771889,,Việt Nam,,,,,,Viện Hàn lâm Khoa học Xã hội Việt Nam,,,16.047079,108.206230,Approximate
Trường Cao đẳng nghề LILAMA-1,Trường Cao đẳng nghề LILAMA-1,Q10828827,1977,Đường Lê Hồng Phong,Hoa Lư,Ninh Bình,,Hoàng Công Thi,Hiệu trưởng,,,,20.250600,105.974500,Approximate
Học viện Hàng không Việt Nam,Học viện Hàng không Việt Nam,Q302448,1979,Việt Nam,Hồ Chí Minh,Hồ Chí Minh,,,,Bộ Giao thông Vận tải,,,10.823100,106.629700,Approximate
Trường Đại học Kiến trúc Thành phố Hồ Chí Minh,Trường Đại học Kiến trúc Thành phố Hồ Chí Minh,Q3037890,1926,"196 Pasteur, phường Xuân Hòa",Hồ Chí Minh,Hồ Chí Minh,,PGS.TS.KTS. Phạm Trọng Thuật,Hiệu trưởng,Martial Merlin,283,,10.782100,106.694000,Exact
Trường Đại học Xây dựng Miền Tây,Trường Đại học Xây dựng Miền Tây,Q61128838,2011,"20B Phó Cơ Điều, Phường Phước Hậu",,Vĩnh Long,,Nguyễn Văn Xuân,Hiệu trưởng,Bộ Xây dựng,170,,10.239700,105.957200,Approximate
Trường Đại học Xây dựng Miền Trung,Trường Đại học Xây dựng Miền Trung,Q10829166,1976,"24 Nguyễn Du, phường Tuy Hòa | 195 Hà Huy Tập, phường Bình Kiến | 544B Nguyễn Lương Bằng, phường Hải Vân",Tuy Hòa,Phú Yên,,Phan Văn Huệ,Hiệu trưởng,Bộ Xây dựng cùng với Trường Đại học Xây dựng Miền Tây,,,13.095500 | 13.095500 | 13.095500,109.320900 | 109.320900 | 109.320900,Approximate | Approximate | Approximate
Trường Đại học Kiến trúc Hà Nội,Trường Đại học Kiến trúc Hà Nội,Q6131246,1969,Hà Nội,Hà Nội,Hà Nội,,KTS. Lê Quân,Chủ tịch,Bộ Giáo dục và Đào tạo,507,400,20.980670,105.789770,Exact
Trường Đại học Y Dược Thành phố Hồ Chí Minh,Trường Đại học Y Dược Thành phố Hồ Chí Minh,Q986462,1947,Thành phố Hồ Chí Minh,Hồ Chí Minh,Hồ Chí Minh,,Ngô Quốc Đạt,Hiệu trưởng,Bộ Y tế,,,10.755600,106.663000,Exact
Học viện Y – Dược học cổ truyền Việt Nam,Học viện Y – Dược học cổ truyền Việt Nam,Q10771907,1969,Hà Nội,Hà Nội,Hà Nội,,Nguyễn Quốc Huy,Giám đốc,Bộ Y tế,,,21.027800,105.834200,Approximate
Trường Cao đẳng Dược Trung ương Hải Dương,Trường Cao đẳng Dược Trung ương Hải Dương,Q10828795,,Hải Dương,,Hải Dương,,Trần Bá Kiên,Hiệu trưởng,Bộ Y tế,,,20.937300,106.314600,Approximate
Trường Đại học Dược Hà Nội,Trường Đại học Dược Hà Nội,Q16944333,1961,Hà Nội,Hà Nội,Hà Nội,,Nguyễn Hải Nam,Hiệu trưởng,Bộ Y tế,,1935,21.021571,105.858077,Exact
Trường Đại học Điều dưỡng Nam Định,Trường Đại học Điều dưỡng Nam Định,Q10829178,,"257 Hàn Thuyên, phường Nam Định",,Nam Định,,TTND.TS. Trương Tuấn Anh,Hiệu trưởng,Bộ Y tế,,,20.438800,106.162100,Approximate
Trường Đại học Kỹ thuật Y Dược Đà Nẵng,Trường Đại học Kỹ thuật Y Dược Đà Nẵng,Q109435303,2013,Đà Nẵng,Đà Nẵng,Đà Nẵng,,PGS.TS.BS Lê Thị Thúy,Hiệu trưởng,Bộ Y tế,250,,16.054400,108.202200,Approximate
Trường Đại học Kỹ thuật Y tế Hải Dương,Trường Đại học Kỹ thuật Y tế Hải Dương,Q10829084,,Số 1 Vũ Hựu,Hải Dương,Hải Dương,,TS.BS Phạm Thị Cẩm Hưng,Hiệu trưởng,Bộ Y tế,,,20.937300,106.314600,Approximate
Trường Đại học Y Dược Cần Thơ,Trường Đại học Y Dược Cần Thơ,Q20026263,1979,Thành phố Cần Thơ,Cần Thơ,Cần Thơ,,BS. Nguyễn Trung Kiên,Hiệu trưởng,Bộ Y tế,462,16200,10.037043,105.755511,Exact
Trường Đại học Y Dược Hải Phòng,Trường Đại học Y Dược Hải Phòng,Q10829172,1979,"72A, đường Nguyễn Bỉnh Khiêm, quận Ngô Quyền",Hải Phòng,Hải Phòng,,Nguyễn Văn Khải Tiến sĩ,Hiệu trưởng,Bộ Y tế,762,,20.844900,106.688100,Approximate
Trường Đại học Y Dược Thái Bình,Trường Đại học Y Dược Thái Bình,Q10829173,1968,Hưng Yên,,Hưng Yên,,Nguyễn Duy Cường,Hiệu trưởng,Bộ Y tế,1000,,20.646400,106.051100,Approximate
Trường Đại học Y Hà Nội,Trường Đại học Y Hà Nội,Q4383725,1902,"01 Tôn Thất Tùng, P. Kim Liên | Phân hiệu Thanh Hóa: 722 Quang Trung, P. Hạc Thành",Hà Nội,Hà Nội,,Nguyễn Hữu Tú,Hiệu trưởng,Bộ Y tế,,,21.002778 | 21.027800,105.831667 | 105.834200,Exact | Approximate
Trường Đại học Y tế Công cộng,Trường Đại học Y tế Công cộng,Q10829176,1574,Hà Nội,Hà Nội,Hà Nội,,Hoàng Văn Minh,Hiệu trưởng,Bộ Y tế,,2000,21.027800,105.834200,Approximate
Trường Đại học Quốc gia Việt Nam,Trường Đại học Quốc gia Việt Nam,Q109439548,1945,Việt Nam,,,,,,Bộ Giáo dục và Đào tạo,,,16.047079,108.206230,Approximate
Bệnh viện Đại học Y Dược,"Bệnh viện Đại học Y Dược, Đại học Quốc gia Hà Nội",,1990,Hà Nội,Hà Nội,Hà Nội,,,,Bộ Xây dựng,,,20.993485,105.797292,Exact
Trường Trung học phổ thông chuyên Khoa học Tự nhiên,"Trường Trung học phổ thông chuyên Khoa học Tự nhiên, Đại học Quốc gia Hà Nội",Q10828960,1965,Hà Nội,Hà Nội,Hà Nội,Đại học Quốc gia Hà Nội,Lê Công Lợi,Hiệu trưởng,Đại học Quốc gia Hà Nội,,,21.027800,105.834200,Approximate
Trường Trung học phổ thông chuyên Khoa học Xã hội và Nhân văn,"Trường Trung học phổ thông chuyên Khoa học Xã hội và Nhân văn, Đại học Quốc gia Hà Nội",Q86012394,2019,Hà Nội,Hà Nội,Hà Nội,Đại học Quốc gia Hà Nội,Nguyễn Quang Liệu,Hiệu trưởng,Đại học Quốc gia Hà Nội,,,20.995400,105.807100,Exact
Trường Đại học Công nghệ,"Trường Đại học Công nghệ, Đại học Quốc gia Hà Nội",Q10829028,1534,Hà Nội,Hà Nội,Hà Nội,Đại học Quốc gia Hà Nội,Chử Đức Trình,Hiệu trưởng,Đại học Quốc gia Hà Nội,205,,21.038236,105.782076,Exact
Đại học Quốc gia Hà Nội,Đại học Quốc gia Hà Nội,Q1076729,1906,Hà Nội,Hà Nội,Hà Nội,,Nguyễn Hiệu,Giám đốc,Đại học Quốc gia Hà Nội,5459,,21.037681,105.782305,Exact
Trường Đại học Giáo dục,"Trường Đại học Giáo dục, Đại học Quốc gia Hà Nội",Q10829046,1481,Hà Nội,Hà Nội,Hà Nội,Đại học Quốc gia Hà Nội,Nguyễn Quý Thanh,Hiệu trưởng,Đại học Quốc gia Hà Nội,118,,21.027800,105.834200,Approximate
Trường Trung học phổ thông Khoa học Giáo dục,"Trường Trung học phổ thông Khoa học Giáo dục, Đại học Quốc gia Hà Nội",Q86012392,2016,Hà Nội,Hà Nội,Hà Nội,Đại học Quốc gia Hà Nội,Phạm Đức Hiệp,Hiệu trưởng,Đại học Quốc gia Hà Nội,,,21.027800,105.834200,Approximate
Trường Quản trị và Kinh doanh,"Trường Quản trị và Kinh doanh, Đại học Quốc gia Hà Nội",Q10779338,1995,Hà Nội,Hà Nội,Hà Nội,Đại học Quốc gia Hà Nội,Hoàng Đình Phi,Hiệu trưởng,Đại học Quốc gia Hà Nội,,,21.027800,105.834200,Approximate
Trường Đại học Ngoại ngữ,"Trường Đại học Ngoại ngữ, Đại học Quốc gia Hà Nội",Q7895616,1955,Hà Nội,Hà Nội,Hà Nội,Đại học Quốc gia Hà Nội,,,Đại học Quốc gia Hà Nội,522,,21.039333,105.781678,Exact
Khoa Quốc tế Pháp ngữ,"Khoa Quốc tế Pháp ngữ, Đại học Quốc gia Hà Nội",Q2496369,1995,Hanoi,Hà Nội,Hà Nội,,,,Bộ Giáo dục và Đào tạo,,,21.003122,105.847718,Exact
Trường Đại học Hà Tĩnh,Trường Đại học Hà Tĩnh,Q10829051,1958,Xã Cẩm Bình,,Hà Tĩnh,,Đoàn Hoài SơnQuyền,Hiệu trưởng,Bộ Giáo dục và Đào tạo,90,,18.355900,105.887700,Approximate
Trường Khoa học liên ngành và Nghệ thuật,"Trường Khoa học liên ngành và Nghệ thuật, Đại học Quốc gia Hà Nội",,2002,Hà Nội 100000,Hà Nội,Hà Nội,Đại học Quốc gia Hà Nội,Nguyễn Văn Hiệu,Hiệu trưởng,Đại học Quốc gia Hà Nội,,,21.038431,105.781252,Exact
Trường Quốc tế,"Trường Quốc tế, Đại học Quốc gia Hà Nội",Q24902367,2002,Hà Nội,Hà Nội,Hà Nội,Đại học Quốc gia Hà Nội,Lê Trung Thành,Hiệu trưởng,Đại học Quốc gia Hà Nội,,4000,21.027800,105.834200,Approximate
Trường Đại học Khoa học Tự nhiên,"Trường Đại học Khoa học Tự nhiên, Đại học Quốc gia Hà Nội",Q5649339,1993,Hà Nội,Hà Nội,Hà Nội,Đại học Quốc gia Hà Nội,Lê Thanh Sơn,Hiệu trưởng,Đại học Quốc gia Hà Nội,430,,20.995900,105.808000,Exact
Viện Công nghệ Thông tin,"Viện Công nghệ Thông tin, Đại học Quốc gia Hà Nội",,1997,Hà Nội,Hà Nội,Hà Nội,Đại học Quốc gia Hà Nội theo quyết định số 14/2001/QĐ-TTg ngày 12/02/2001 của Thủ tướng Chính phủ,,,Đại học Quốc gia Hà Nội,,,21.027800,105.834200,Approximate
Viện Vi sinh vật và Công nghệ sinh học,"Viện Vi sinh vật và Công nghệ sinh học, Đại học Quốc gia Hà Nội",,2007,Hà Nội,Hà Nội,Hà Nội,,,,Đại học Quốc gia Hà Nội,,,21.027800,105.834200,Approximate
Viện Việt Nam học và Khoa học phát triển,"Viện Việt Nam học và Khoa học phát triển, Đại học Quốc gia Hà Nội",,2004,Hà Nội,Hà Nội,Hà Nội,,Phạm Đức Anh,Hiệu trưởng,Đại học Quốc gia Hà Nội,,,21.027800,105.834200,Approximate
Trường Đại học Việt Nhật,"Trường Đại học Việt Nhật, Đại học Quốc gia Hà Nội",Q20026262,1186,Hà Nội,Hà Nội,Hà Nội,Đại học Quốc gia Hà Nội,Furuta Motoo,Hiệu trưởng,Đại học Quốc gia Hà Nội,,,21.032917,105.762500,Exact
Trường Đại học Y Dược,"Trường Đại học Y Dược, Đại học Quốc gia Hà Nội",Q105335883,2010,Hà Nội,Hà Nội,Hà Nội,Đại học Quốc gia Hà Nội,TTND. Lê Ngọc Thành,Hiệu trưởng,Đại học Quốc gia Hà Nội,260,3204,21.040318,105.781464,Exact
Trường Trung học phổ thông chuyên Ngoại ngữ,"Trường Trung học phổ thông chuyên Ngoại ngữ, Đại học Quốc gia Hà Nội",Q5468284,1969,Hà Nội,Hà Nội,Hà Nội,Đại học Quốc gia Hà Nội,,,Bộ Giáo dục và Đào tạo,,,21.027800,105.834200,Approximate
Trường Đại học Tổng hợp Hà Nội,Trường Đại học Tổng hợp Hà Nội,Q10829159,1951,Hà Nội,Hà Nội,Hà Nội,,đầu tiên của trường là ông Ngụy Như Kon Tum,Hiệu trưởng,Bộ Giáo dục và Đào tạo,,1964,21.027800,105.834200,Approximate
Trường Đại học Luật,"Trường Đại học Luật, Đại học Quốc gia Hà Nội",Q114132145,1976,Hà Nội,Hà Nội,Hà Nội,Đại học Quốc gia Hà Nội,,,Đại học Quốc gia Hà Nội,,,21.040301,105.781566,Exact
Đại học Quốc gia Thành phố Hồ Chí Minh,Đại học Quốc gia Thành phố Hồ Chí Minh,Q943759,1995,Phường Linh Xuân và phường Đông Hòa,Hồ Chí Minh,Hồ Chí Minh,,Nguyễn Thị Thanh Mai,Giám đốc,Đại học Quốc gia Thành phố Hồ Chí Minh,,,10.868562,106.796312,Exact
Trường Đại học Công nghệ Thông tin,"Trường Đại học Công nghệ Thông tin, Đại học Quốc gia Thành phố Hồ Chí Minh",Q5873994,2006,"Khu phố 34, Phường Linh Xuân",Hồ Chí Minh,Hồ Chí Minh,Đại học Quốc gia Thành phố Hồ Chí Minh,Nguyễn Hoàng Tú Anh,Hiệu trưởng,Đại học Quốc gia Thành phố Hồ Chí Minh,,500,10.869892,106.803663,Exact
Ký túc xá Đại học Quốc gia Thành phố Hồ Chí Minh,Ký túc xá Đại học Quốc gia Thành phố Hồ Chí Minh,Q30920248,2000,Thành phố Hồ Chí Minh,Hồ Chí Minh,Hồ Chí Minh,,,,Đại học Quốc gia Thành phố Hồ Chí Minh,,40000,10.823100,106.629700,Approximate
Trường Đại học Khoa học Xã hội và Nhân văn,"Trường Đại học Khoa học Xã hội và Nhân văn, Đại học Quốc gia Thành phố Hồ Chí Minh",Q5873999,1957,Thành phố Hồ Chí Minh,Hồ Chí Minh,Hồ Chí Minh,Đại học Quốc gia Thành phố Hồ Chí Minh,Ngô Thị Phương Lan [https,Hiệu trưởng,Đại học Quốc gia Thành phố Hồ Chí Minh,1000,,10.787807,106.703839,Exact
Trường Đại học Kinh tế – Luật,"Trường Đại học Kinh tế – Luật, Đại học Quốc gia Thành phố Hồ Chí Minh",Q10829073,2000,"669 Đỗ Mười, Khu phố 3, Phường Linh Xuân",Hồ Chí Minh,Hồ Chí Minh,Đại học Quốc gia Thành phố Hồ Chí Minh,Hoàng Công Gia Khánh,Hiệu trưởng,Đại học Quốc gia Thành phố Hồ Chí Minh,,,10.823100,106.629700,Approximate
Trường Phổ thông Năng khiếu,"Trường Phổ thông Năng khiếu, Đại học Quốc gia Thành phố Hồ Chí Minh",Q10828873,1993,"Đường William Shakespears, Phường Đông Hòa | 153 Nguyễn Chí Thanh, Phường An Đông",Hồ Chí Minh,Hồ Chí Minh,Đại học Quốc gia Thành phố Hồ Chí Minh,Bùi Thị Hồng Hạnh,Hiệu trưởng,Đại học Quốc gia Thành phố Hồ Chí Minh và,,,10.759278 | 10.823100,106.666222 | 106.629700,Exact | Approximate
Trường Đại học Quốc tế,"Trường Đại học Quốc tế, Đại học Quốc gia Thành phố Hồ Chí Minh",Q5873959,2003,Thành phố Hồ Chí Minh,Hồ Chí Minh,Hồ Chí Minh,Đại học Quốc gia Thành phố Hồ Chí Minh,Lê Văn Thăng,Hiệu trưởng,Đại học Quốc gia Thành phố Hồ Chí Minh,,,10.877700,106.802000,Exact
Trường Đại học Tổng hợp Thành phố Hồ Chí Minh,Trường Đại học Tổng hợp Thành phố Hồ Chí Minh,Q61130363,,Hồ Chí Minh,Hồ Chí Minh,Hồ Chí Minh,,,,Bộ Giáo dục và Đào tạo,,700,10.823100,106.629700,Approximate
Trường Đại học Bách khoa,"Trường Đại học Bách khoa, Đại học Quốc gia Thành phố Hồ Chí Minh",Q3101701,1957,Thành phố Hồ Chí Minh,Hồ Chí Minh,Hồ Chí Minh,Đại học Quốc gia Thành phố Hồ Chí Minh,Mai Thanh Phong,Hiệu trưởng,Đại học Quốc gia Thành phố Hồ Chí Minh,,,10.773267,106.659466,Exact
Trường Đại học Khoa học Sức khỏe,"Trường Đại học Khoa học Sức khỏe, Đại học Quốc gia Thành phố Hồ Chí Minh",Q61131917,2009,"Đường Hải Thượng Lãn Ông, khu đô thị Đại học Quốc gia Thành phố Hồ Chí Minh, phường Đông Hòa",Hồ Chí Minh,Hồ Chí Minh,Đại học Quốc gia Thành phố Hồ Chí Minh,Phan Bách Thắng,Hiệu trưởng,Đại học Quốc gia Thành phố Hồ Chí Minh,226,1500,10.887985,106.798159,Exact
Trường Đại học Khoa học Tự nhiên,"Trường Đại học Khoa học Tự nhiên, Đại học Quốc gia Thành phố Hồ Chí Minh",Q5873997,1941,Thành phố Hồ Chí Minh,Hồ Chí Minh,Hồ Chí Minh,Đại học Quốc gia Thành phố Hồ Chí Minh,Trần Lê Quan,Hiệu trưởng,Đại học Quốc gia Thành phố Hồ Chí Minh,565,17977,10.762778,106.681389,Exact
Trường Đại học Kiểm sát,Trường Đại học Kiểm sát,Q18415683,1964,"Phố Ỷ La, phường Dương Nội, quận Hà Đông",Hà Nội,Hà Nội,,KSVCC. Nguyễn Văn Khoát,Hiệu trưởng,Viện kiểm sát nhân dân tối cao,,1500,21.027800,105.834200,Approximate
Học viện Tòa án,Học viện Tòa án,Q24956933,1960,"đường Dương Đức Hiền, xã Thuận An",Hà Nội,Hà Nội,,PGS-TS Nguyễn Đức Hạnh,Giám đốc,Tòa án nhân dân tối cao,,,21.027800,105.834200,Approximate
Trường Đại học FPT,Trường Đại học FPT,Q610220,2006,Hà Nội,Hà Nội,Hà Nội,,Nguyễn Khắc Thành,Hiệu trưởng,Bộ Giáo dục và Đào tạo,,150,21.013667,105.527278,Exact
Trường Đại học Công nghệ Thành phố Hồ Chí Minh,Trường Đại học Công nghệ Thành phố Hồ Chí Minh,Q10829029,1995,Thành phố Hồ Chí Minh,Hồ Chí Minh,Hồ Chí Minh,,GS.TSKH Hồ Đắc Lộc,Chủ tịch,Bộ Giáo dục và Đào tạo,2016,,10.823100,106.629700,Approximate
Trường Đại học Kinh tế – Tài chính Thành phố Hồ Chí Minh,Trường Đại học Kinh tế – Tài chính Thành phố Hồ Chí Minh,Q10829074,1272,TPHCM,Hồ Chí Minh,Hồ Chí Minh,,Nguyễn Thanh Giang,Hiệu trưởng,Bộ Tài chính,,,10.823100,106.629700,Approximate
Trường Đại học Bà Rịa – Vũng Tàu,Trường Đại học Bà Rịa – Vũng Tàu,Q10829018,2006,"80 Trương Công Định, phường Vũng Tàu",Hồ Chí Minh,Hồ Chí Minh,,Nguyễn Bá Hoàng,Hiệu trưởng,Bộ Giáo dục và Đào tạo,,,10.823100,106.629700,Approximate
Trường Đại học Gia Định,Trường Đại học Gia Định,Q115179095,1713,Hồ Chí Minh,Hồ Chí Minh,Hồ Chí Minh,,Thái Bá Cần,Hiệu trưởng,Bộ Giáo dục và Đào tạo,,,10.823100,106.629700,Approximate
Trường Đại học Hoa Sen,Trường Đại học Hoa Sen,Q1002930,1991,Hồ Chí Minh,Hồ Chí Minh,Hồ Chí Minh,,Nguyễn Hữu Huy Nhựt,Hiệu trưởng,Bộ Giáo dục và Đào tạo,,,10.770454,106.692519,Exact
Trường Đại học Quốc tế Hồng Bàng,Trường Đại học Quốc tế Hồng Bàng,Q661322,1997,Thành phố Hồ Chí Minh,Hồ Chí Minh,Hồ Chí Minh,,BS Phạm Văn Lình,Hiệu trưởng,Bộ Giáo dục và Đào tạo,,,10.823100,106.629700,Approximate
Trường Đại học VinUni,Trường Đại học VinUni,Q86012411,2019,Hà Nội,Hà Nội,Hà Nội,,David Bangsberg,Chủ tịch,Bộ Giáo dục và Đào tạo,35,300,20.989251,105.943573,Exact
Học viện Phật giáo Việt Nam,Học viện Phật giáo Việt Nam,Q109434106,1981,Hà Nội,Hà Nội,Hà Nội,,Hòa thượng Thích Thanh Quyết,Hiệu trưởng,Giáo hội Phật giáo Việt Nam,,,21.027800,105.834200,Approximate
Trường d'Adran Đà Lạt,Trường d'Adran Đà Lạt,Q10828996,,Đà Lạt,Đà Lạt,Lâm Đồng,,,,UBND Tỉnh Lâm Đồng,,,11.940400,108.458300,Approximate
Giáo hoàng Học viện Thánh Piô X Đà Lạt,Giáo hoàng Học viện Thánh Piô X Đà Lạt,Q10761706,1958,Đà Lạt,Đà Lạt,Lâm Đồng,,,,UBND Tỉnh Lâm Đồng,,,11.940400,108.458300,Approximate
Học viện Công giáo Việt Nam,Học viện Công giáo Việt Nam,Q24957210,2015,Việt Nam,,,,,,Hội đồng Giám mục Việt Nam,,,16.047079,108.206230,Approximate
Trường Cao đẳng Hòa Bình Xuân Lộc,Trường Cao đẳng Hòa Bình Xuân Lộc,Q49054761,2017,"Ấp Lộ Đức, xã Hố Nai 3, huyện Trảng Bom",,Đồng Nai,,Giuse Hà Đăng Định,Hiệu trưởng,UBND Tỉnh Hòa Bình,,,10.944700,106.824300,Approximate
Trường d'Adran Sài Gòn,Trường d'Adran Sài Gòn,Q10828995,1861,Việt Nam,Mỹ Tho,Vĩnh Long,,,,,,,10.360000,106.359700,Approximate
Trường trung học La San Taberd,Trường trung học La San Taberd,Q10828923,1873,Sài Gòn,,,,Felicien Huỳnh Công Lương,Hiệu trưởng,,,,16.047079,108.206230,Approximate
Trường Trung học Tư thục Chính Tâm,Trường Trung học Tư thục Chính Tâm,Q10828931,1956,Việt Nam,,Bình Thuận,,,,,,,11.090400,108.072100,Approximate
Viện Đại học Minh Đức,Viện Đại học Minh Đức,Q10832799,,Việt Nam,,,,,,Bộ Giáo dục và Đào tạo,,,16.047079,108.206230,Approximate
Học viện Chính trị Quốc gia Hồ Chí Minh,Học viện Chính trị Quốc gia Hồ Chí Minh,Q10771879,1949,Hà Nội,Hà Nội,Hà Nội,,Đoàn Minh Huấn,Giám đốc,Ban Chấp hành Trung ương Đảng Cộng sản Việt Nam,,,21.027800,105.834200,Approximate
Nguyễn Trường Thắng,Nguyễn Trường Thắng,Q120764077,,Việt Nam,,,,,,,,,16.047079,108.206230,Approximate
Trường Chinh,Trường Chinh,Q545539,,Việt Nam,,,,Hội đồng Nhà nước Cộng hòa xã hội chủ nghĩa Việt Nam,Chủ tịch,,,,16.047079,108.206230,Approximate
Học viện Thanh thiếu niên Việt Nam,Học viện Thanh thiếu niên Việt Nam,Q97166894,1995,Việt Nam,Hồ Chí Minh,Hồ Chí Minh,,Nguyễn Hải Đăng,Giám đốc,Trung ương Đoàn Thanh niên Cộng sản Hồ Chí Minh,,,10.823100,106.629700,Approximate
Trường Đại học Công đoàn,Trường Đại học Công đoàn,Q16480704,1946,Hà Nội,Hà Nội,Hà Nội,,Lê Mạnh Hùng,Hiệu trưởng,Tổng Liên đoàn Lao động Việt Nam,,12000,21.027800,105.834200,Approximate
Đại học Duy Tân,Đại học Duy Tân,Q5317667,1994,Đà Nẵng,Đà Nẵng,Đà Nẵng,,Lê Nguyên Bảo,Giám đốc,Bộ Giáo dục và Đào tạo,1238,,16.060100,108.210000,Exact
Học viện Quân y,Học viện Quân y,Q10771896,1949,Việt Nam,Hồ Chí Minh,Hồ Chí Minh,,,,Bộ Quốc phòng,,,20.966829,105.788437,Exact
Bệnh viện Quân y 103,Bệnh viện Quân y 103,Q10832774,,Việt Nam,,,,,,Bộ Quốc phòng,,2000,16.047079,108.206230,Approximate
Bệnh viện Đại học Y Dược – Hoàng Anh Gia Lai,Bệnh viện Đại học Y Dược – Hoàng Anh Gia Lai,Q109439363,1222,Gia Lai,,Gia Lai,,,,Bộ Giáo dục và Đào tạo,,500,13.971143,108.029562,Exact
Bệnh viện Đại học Y Dược,"Bệnh viện Đại học Y Dược, Thành phố Hồ Chí Minh",Q43896606,2000,Hồ Chí Minh,Hồ Chí Minh,Hồ Chí Minh,,,,Bộ Giáo dục và Đào tạo,,,10.755240,106.664471,Exact
Trường Đại học Y Dược Hà Nội,Trường Đại học Y Dược Hà Nội,,1902,Hà Nội,Hà Nội,Hà Nội,,,,Bộ Y tế gồm,,,21.027800,105.834200,Approximate
Học viện Kỹ thuật Quân sự,Học viện Kỹ thuật Quân sự,Q4130078,1966,Việt Nam,Hà Nội,Hà Nội,,,,Bộ Quốc phòng,,,21.048300,105.786000,Exact
Trường Cao đẳng Kinh tế – Kỹ thuật Bạc Liêu,Trường Cao đẳng Kinh tế – Kỹ thuật Bạc Liêu,Q115493900,1451,"Số 01, đường Nguyễn Thị Đương, khóm 1, phường 1",Bạc Liêu,Bạc Liêu,,NGƯT TS. Trần Công Chánh,Hiệu trưởng,UBND Tỉnh Bạc Liêu,,,9.295833,105.736389,Exact
Trường Đại học Bạc Liêu,Trường Đại học Bạc Liêu,Q10829021,1558,"178 Võ Thị Sáu, phường Bạc Liêu",,Bạc Liêu,,Từ Diệp Công Thành,Hiệu trưởng,Ủy ban Nhân dân tỉnh Cà Mau giữ vai trò,215,3500,9.294100,105.721600,Approximate
Trường Đại học Kỹ thuật – Công nghệ Cần Thơ,Trường Đại học Kỹ thuật – Công nghệ Cần Thơ,Q10828441,2013,"256 Nguyễn Văn Cừ, phường Cái Khế",Cần Thơ,Cần Thơ,,NGND. PGS. Ts. Huỳnh Thanh Nhã,Hiệu trưởng,Ủy ban Nhân dân Thành phố Cần Thơ,185,,10.045200,105.746900,Approximate
Trường Cao đẳng Văn hóa Nghệ thuật Cần Thơ,Trường Cao đẳng Văn hóa Nghệ thuật Cần Thơ,Q61129566,2017,"188/35A Nguyễn Văn Cừ, phường Cái Khế",Cần Thơ,Cần Thơ,,Nguyễn Thị Hương,Hiệu trưởng,Bộ Văn hóa,37,,10.045200,105.746900,Approximate
Trường Đại học Quảng Nam,Trường Đại học Quảng Nam,Q10829117,1997,Số 102-Hùng Vương-Tp.Tam Kỳ-Tỉnh Quảng Nam,Tam Kỳ,Quảng Nam,,Huỳnh Trọng Dương,Hiệu trưởng,Bộ Giáo dục và Đào tạo,,,15.573600,108.474000,Approximate
Trường Đại học Phú Yên,Trường Đại học Phú Yên,Q10829111,2007,phường Tuy Hòa,Tuy Hòa,Phú Yên,,Trần Lăng,Hiệu trưởng,UBND tỉnh Đắk Lắk và chịu sự quản lý nhà nước về đào tạo của Bộ Giáo dục và Đào tạo,172,10000,13.103097,109.309404,Exact
Trường Đại học Đồng Nai,Trường Đại học Đồng Nai,Q24884974,1976,"Khu phố 3, Phường Tân Hiệp",Biên Hòa,Đồng Nai,,,,UBND tỉnh Đồng Nai và được giám sát về đào tạo bởi Bộ Giáo dục và Đào tạo,,,10.959500,106.861500,Exact
Trường Đại học Tiền Giang,Trường Đại học Tiền Giang,Q10829147,1971,"Ấp Thân Bình, xã Châu Thành",,Đồng Tháp,,PGS-TS Võ Ngọc Hà,Hiệu trưởng,Bộ Giáo dục và Đào tạo,,,10.365556,106.357944,Exact
Trường Cao đẳng Y tế Đồng Tháp,Trường Cao đẳng Y tế Đồng Tháp,Q10828820,1407,"số 312, Nguyễn Thái Học, phường Cao Lãnh",,Đồng Tháp,,BSCKII. Nguyễn Tấn Hưng,Hiệu trưởng,Bộ Y tế,,51,10.493800,105.688200,Approximate
Trường Cao đẳng Điện tử – Điện lạnh Hà Nội,Trường Cao đẳng Điện tử – Điện lạnh Hà Nội,Q10828830,1965,Hà Nội,Hà Nội,Hà Nội,,Phạm Tiến Dũng,Hiệu trưởng,UBND Thành phố Hà Nội,,,21.027800,105.834200,Approximate
Trường Đại học Thủ đô Hà Nội,Trường Đại học Thủ đô Hà Nội,Q97164619,1959,Hà Nội,Hà Nội,Hà Nội,,Đỗ Hồng Cường,Hiệu trưởng,Bộ Giáo dục và Đào tạo,,150,21.027800,105.834200,Approximate
Trường Cao đẳng Y tế Hà Đông,Trường Cao đẳng Y tế Hà Đông,,1960,Hà Nội,Hà Nội,Hà Nội,,Nguyễn Đăng Trường,Hiệu trưởng,Ủy ban nhân dân thành phố Hà Nội,,,21.027800,105.834200,Approximate
Trường Cao đẳng Y tế Hà Nội,Trường Cao đẳng Y tế Hà Nội,Q10828817,1769,Hà Nội,Hà Nội,Hà Nội,,Phạm Văn Tân,Hiệu trưởng,Ủy ban nhân dân thành phố Hà Nội,,5000,21.027800,105.834200,Approximate
Trường Cao đẳng Huế,Trường Cao đẳng Huế,Q24957698,1978,"365 Điện Biên Phủ, phường Thuận Hóa",,Điện Biên,,Hoàng Bảo Hùng,Hiệu trưởng,Ủy ban nhân dân tỉnh Thừa Thiên Huế,,,21.386000,103.023000,Approximate
Trường Trung học Giao thông vận tải Huế,Trường Trung học Giao thông vận tải Huế,Q18460936,1990,365 Điện Biên Phủ,Huế,Điện Biên,,Nguyễn Đăng Thông,Hiệu trưởng,Bộ Giao thông Vận tải,,,16.463700,107.590900,Approximate
Trường Đại học Thái Bình,Trường Đại học Thái Bình,Q10829138,1555,Phường Thái Bình Thái Bình,,Thái Bình,,Phạm Quốc Thành,Hiệu trưởng,Bộ Giáo dục và Đào tạo,,,20.446300,106.336600,Approximate
Trường Cao đẳng Văn hóa Nghệ thuật Thái Bình,Trường Cao đẳng Văn hóa Nghệ thuật Thái Bình,Q10828814,1975,"Địa chỉ: Số 12 Hoàng Công Chất, phường Quang Trung TP.Thái Bình",,Thái Bình,,Bùi Thị Dung,Hiệu trưởng,Bộ Văn hóa,,523,20.446300,106.336600,Approximate
Trường Đại học Khánh Hòa,Trường Đại học Khánh Hòa,Q10828807,2015,"01 Nguyễn Chánh, phường Nha Trang",Nha Trang,Khánh Hòa,,Phan Phiến,Hiệu trưởng,ủy ban nhân dân Tỉnh Khánh Hòa,192,,12.238800,109.196700,Approximate
Trường Cao đẳng Y tế Lâm Đồng,Trường Cao đẳng Y tế Lâm Đồng,Q30920777,1977,"16 Ngô Quyền, phường Cam Ly – Đà Lạt",Đà Lạt,Lâm Đồng,,BS. Lý Duy Hưng,Hiệu trưởng,Bộ Y tế,,,11.940400,108.458300,Approximate
Trường Cao đẳng Kỹ thuật Công nghiệp Việt Nam-Hàn Quốc,Trường Cao đẳng Kỹ thuật Công nghiệp Việt Nam-Hàn Quốc,Q61128204,,"Đường Hồ Tông Thốc, phường Nghi Phú",Vinh,Nghệ An,,,,Bộ Công Thương,,3000,18.679600,105.681300,Approximate
Trường Đại học Nghệ An,Trường Đại học Nghệ An,Q16481176,,Nghệ An,,Nghệ An,,Nguyễn Ngọc Hiếu,Hiệu trưởng,Ủy ban nhân dân tỉnh Nghệ An,315,,19.234200,104.920000,Approximate
Trường Đại học Y khoa Vinh,Trường Đại học Y khoa Vinh,Q717262,2010,"Số 161 Đường Nguyễn Phong Sắc, Phường Trường Vinh",Vinh,Nghệ An,,Nguyễn Văn Tuấn,Hiệu trưởng,Bộ Giáo dục và Đào tạo,316,,18.686100,105.699000,Exact
Trường Đại học Hoa Lư,Trường Đại học Hoa Lư,Q10829047,2007,thành phố Hoa Lư,Hoa Lư,Ninh Bình,,Vũ Văn Trường,Hiệu trưởng,Ủy ban nhân dân tỉnh Ninh Bình và chịu sự quản lý nhà nước về giáo dục của Bộ Giáo dục và Đào tạo,300,5000,20.250600,105.974500,Approximate
Trường Cao đẳng Y tế Ninh Bình,Trường Cao đẳng Y tế Ninh Bình,Q10828818,1963,"297 Hải Thượng Lãn Ông, Phường Nam Thành",Hoa Lư,Ninh Bình,,Đỗ Văn Dung,Hiệu trưởng,Bộ Y tế,,,20.250600,105.974500,Approximate
Trường Đại học Hạ Long,Trường Đại học Hạ Long,Q65165392,1869,"258, Bạch Đằng, Uông Bí | 58, Nguyễn Văn Cừ, Hạ Long",,Quảng Ninh,,Nguyễn Đức Tiệp,Hiệu trưởng,Ủy ban Nhân dân tỉnh Quảng Ninh,,,21.006400 | 21.006400,107.292500 | 107.292500,Approximate | Approximate
Trường Đại học Quảng Bình,Trường Đại học Quảng Bình,Q2406422,1959,"312 Lý Thường Kiệt, phường Đồng Thuận",,Quảng Trị,,Hoàng Dương Hùng,Hiệu trưởng,Bộ Giáo dục và Đào tạo,,,17.485800,106.604000,Exact
Trường Đại học Hồng Đức,Trường Đại học Hồng Đức,Q10829017,1997,"Số 565 đường Quang Trung, phường Hạc Thành",,Thanh Hóa,,Lê Hoằng Bá Huyền,Hiệu trưởng,UBND tỉnh Thanh Hóa,900,9000,19.806700,105.785200,Approximate
Trường Cao đẳng Nông Lâm Thanh Hóa,Trường Cao đẳng Nông Lâm Thanh Hóa,,,"Km 16 Quốc lộ 47, xã Dân Quyền, huyện Triệu Sơn",,Thanh Hóa,,Lê Viết Báu,Hiệu trưởng,UBND Tỉnh Thanh Hóa,,,19.806700,105.785200,Approximate
Trường Đại học Văn hóa,"Trường Đại học Văn hóa, Thể thao và Du lịch Thanh Hóa",Q10829162,1967,"561 Quang Trung 3, phường Đông Vệ | 20 Nguyễn Du, phường Điện Biên",Thanh Hóa,Điện Biên,Thể thao và Du lịch Thanh Hóa,Lê Thanh Hà,Hiệu trưởng,UBND tỉnh Thanh Hóa và Bộ Văn hóa,,,21.386000 | 21.386000,103.023000 | 103.023000,Approximate | Approximate
Trường Cao đẳng Y tế Thanh Hóa,Trường Cao đẳng Y tế Thanh Hóa,Q10828819,2014,Thanh Hóa,,Thanh Hóa,,,,Bộ trưởng Bộ GD-ĐT Phạm Vũ Luận ký quyết định thành lập Phân hiệu ĐH Y Hà Nội tại Thanh Hóa,,,19.806700,105.785200,Approximate
Trường Cao đẳng Lý Tự Trọng Thành phố Hồ Chí Minh,Trường Cao đẳng Lý Tự Trọng Thành phố Hồ Chí Minh,Q24957780,1971,Thành phố Hồ Chí Minh,Hồ Chí Minh,Hồ Chí Minh,,Phạm Hữu Lộc,Hiệu trưởng,Ủy ban nhân dân Thành phố Hồ Chí Minh,,14000,10.823100,106.629700,Approximate
Trường Đại học Sài Gòn,Trường Đại học Sài Gòn,Q368923,1972,Thành phố Hồ Chí Minh,Hồ Chí Minh,Hồ Chí Minh,,Phạm Hoàng Quân,Hiệu trưởng,Ủy ban nhân dân Thành phố Hồ Chí Minh,,,10.823100,106.629700,Approximate
Trường Đại học Thủ Dầu Một,Trường Đại học Thủ Dầu Một,Q10829145,2009,"6 Trần Văn Ơn, phường Phú Lợi",Hồ Chí Minh,Hồ Chí Minh,,Đoàn Ngọc Xuân,Hiệu trưởng,Bộ Giáo dục và Đào tạo,,,10.823100,106.629700,Approximate
Trường Đại học Y khoa Phạm Ngọc Thạch,Trường Đại học Y khoa Phạm Ngọc Thạch,Q10829174,1332,Thành phố Hồ Chí Minh,Hồ Chí Minh,Hồ Chí Minh,,Dược sĩ Nguyễn Đăng Thoại,Hiệu trưởng,Bộ Giáo dục và Đào tạo,456,9000,10.773700,106.665000,Exact
Trường Cao đẳng Y tế Bình Dương,Trường Cao đẳng Y tế Bình Dương,Q18460918,1978,"529 Lê Hồng Phong, Phường Phú Lợi",Hồ Chí Minh,Hồ Chí Minh,,"BS. CKII Nguyễn Văn Tính, Phó phụ trách",Hiệu trưởng,Bộ Y tế,205,,10.823100,106.629700,Approximate
Trường Cao đẳng Kinh tế Thành phố Hồ Chí Minh,Trường Cao đẳng Kinh tế Thành phố Hồ Chí Minh,Q30921083,1989,"33 Vĩnh Viễn, phường Vườn Lài",Hồ Chí Minh,Hồ Chí Minh,,Trần Văn Tú,Hiệu trưởng,UBND Thành phố Hồ Chí Minh,255,,10.823100,106.629700,Approximate
Trường Cao đẳng Bến Tre,Trường Cao đẳng Bến Tre,Q65162191,,"số 400/1, Khu phố 1, phường Sơn Đông",,Vĩnh Long,,Nguyễn Văn Huấn,Hiệu trưởng,UBND tỉnh Vĩnh Long có phương án hợp nhất Trường Cao đẳng Bến Tre cùng với 04 trường cao đẳng khác thành,,,10.239700,105.957200,Approximate
Đại học Trà Vinh,Đại học Trà Vinh,Q10829149,2006,"Số 126 Nguyễn Thiện Thành, khóm 4, phường Hòa Thuận",Trà Vinh,Vĩnh Long,,Nguyễn Minh Hòa,Hiệu trưởng,Bộ Giáo dục và Đào tạo,1200,20506,9.922000,106.347000,Exact
Học viện Phụ nữ Việt Nam,Học viện Phụ nữ Việt Nam,Q18458592,1558,Hà Nội,Hà Nội,Hà Nội,,Trần Quang Tiến,Giám đốc,Trung ương Hội Liên hiệp Phụ nữ Việt Nam,,6000,21.027800,105.834200,Approximate
Trường Đại học Kinh doanh và Công nghệ Hà Nội,Trường Đại học Kinh doanh và Công nghệ Hà Nội,Q10829067,1996,Hà Nội,Hà Nội,Hà Nội,,,,Bộ Giáo dục và Đào tạo,,138,21.027800,105.834200,Approximate
Trường Đại học Công nghệ Đồng Nai,Trường Đại học Công nghệ Đồng Nai,Q10829032,2011,Biên Hoà,,Đồng Nai,,Đoàn Mạnh Quỳnh,Hiệu trưởng,Bộ Giáo dục và Đào tạo,,,10.944700,106.824300,Approximate
Trường Đại học Công nghiệp Vinh,Trường Đại học Công nghiệp Vinh,Q16480712,,Vinh,Vinh,Nghệ An,,,,Bộ Công Thương,,3000,18.679600,105.681300,Approximate
Trường Đại học Dầu khí Việt Nam,Trường Đại học Dầu khí Việt Nam,Q10829040,2010,Thành phố Hồ Chí Minh,Hồ Chí Minh,Hồ Chí Minh,,Phan Minh Quốc Bình,Hiệu trưởng,Bộ Giáo dục và Đào tạo,,,10.823100,106.629700,Approximate
Trường Cao đẳng Công nghệ Hà Nội,Trường Cao đẳng Công nghệ Hà Nội,Q10828788,2007,"Km12 - Quốc lộ 32, Phú Diễn, Từ Liêm",Hà Nội,Hà Nội,,Vũ Chí Thành ( Trường Cao đẳng FPT Polytechnic,Hiệu trưởng,UBND Thành phố Hà Nội,,,21.027800,105.834200,Approximate
Trường Đại học Công nghệ Sài Gòn,Trường Đại học Công nghệ Sài Gòn,Q7400087,1997,Thành phố Hồ Chí Minh,Hồ Chí Minh,Hồ Chí Minh,,Cao Hào Thi,Hiệu trưởng,Bộ Giáo dục và Đào tạo,,,10.737941,106.675724,Exact
Trường Đại học Công nghệ Thông tin và Truyền thông Việt – Hàn,"Trường Đại học Công nghệ Thông tin và Truyền thông Việt – Hàn, Đại học Đà Nẵng",Q16480474,2007,TP. Đà Nẵng,Đà Nẵng,Đà Nẵng,Đại học Đà Nẵng,Huỳnh Công Pháp,Hiệu trưởng,Bộ Giáo dục và Đào tạo,,1500,16.054400,108.202200,Approximate
Trường Đại học Công nghệ Vạn Xuân,Trường Đại học Công nghệ Vạn Xuân,Q7913787,2008,"103 Đại lộ Nguyễn Sinh Cung, phường Cửa Lò",,Nghệ An,,Nguyễn Lưu Thụy,Hiệu trưởng,Bộ Giáo dục và Đào tạo,105,,18.789435,105.716956,Exact
Trường Đại học Công nghiệp và Thương mại Hà Nội,Trường Đại học Công nghiệp và Thương mại Hà Nội,Q97167427,1967,Hà Nội,Hà Nội,Hà Nội,,Hoàng Xuân Hiệp,Hiệu trưởng,Bộ Công Thương,,,21.027800,105.834200,Approximate
Trường Đại học Kiến trúc Đà Nẵng,Trường Đại học Kiến trúc Đà Nẵng,Q5207275,,Đà Nẵng,Đà Nẵng,Đà Nẵng,,Phạm Anh Tuấn,Hiệu trưởng,Bộ Giáo dục và Đào tạo,,100,16.054400,108.202200,Approximate
Học viện Tư pháp,Học viện Tư pháp,Q10771905,2004,Hà Nội,Hà Nội,Hà Nội,,,,Bộ Tư pháp,,,21.027800,105.834200,Approximate
Trường Đại học Luật Thành phố Hồ Chí Minh,Trường Đại học Luật Thành phố Hồ Chí Minh,Q5874003,1996,Thành phố Hồ Chí Minh,Hồ Chí Minh,Hồ Chí Minh,,Lê Trường Sơn,Hiệu trưởng,Bộ Giáo dục và Đào tạo và có trụ sở tại Thành phố Hồ Chí Minh,,,10.767571,106.705675,Exact
Trường Quốc gia Âm nhạc Huế,Trường Quốc gia Âm nhạc Huế,Q16480497,,Huế,Huế,Thừa Thiên Huế,,,,Bộ Văn hóa,,,16.463700,107.590900,Approximate
Trường Quốc gia Âm nhạc và Kịch nghệ,Trường Quốc gia Âm nhạc và Kịch nghệ,Q10828875,1956,Việt Nam,,,,,,Bộ Văn hóa,,150,16.047079,108.206230,Approximate
Đại học và cao đẳng sư phạm Việt Nam,Đại học và cao đẳng sư phạm Việt Nam,,,Việt Nam,Hà Nội,Hà Nội,,,,Bộ Giáo dục và Đào tạo,,,21.027800,105.834200,Approximate
Trường Đại học Sư phạm,"Trường Đại học Sư phạm, Đại học Huế",Q10829127,1957,"Số 34 đường Lê Lợi, phường Phú Hội, quận Thuận Hóa",Huế,Thừa Thiên Huế,Đại học Huế,,,Bộ Giáo dục và Đào tạo,,1431,16.463700,107.590900,Approximate
Trường Đại học Tổng hợp Huế,Trường Đại học Tổng hợp Huế,Q10829059,1957,thành phố Huế,Huế,Thừa Thiên Huế,,Võ Thanh Tùng,Hiệu trưởng,Bộ Giáo dục và Đào tạo,,,16.463700,107.590900,Approximate
Trường Đại học Răng Hàm Mặt,Trường Đại học Răng Hàm Mặt,Q10829120,2002,Hà Nội,Hà Nội,Hà Nội,,Tiến sĩ. Trư­ơng Mạnh Dũng,Hiệu trưởng,Bộ Giáo dục và Đào tạo,,,21.027800,105.834200,Approximate
Trường Đại học Võ Trường Toản,Trường Đại học Võ Trường Toản,Q10829161,2008,"Quốc lộ 1, xã Thạnh Xuân",Cần Thơ,Cần Thơ,,Dương Đăng Khoa,Hiệu trưởng,Bộ Giáo dục và Đào tạo,,,10.045200,105.746900,Approximate
Trường Đại học Phan Châu Trinh,Trường Đại học Phan Châu Trinh,Q10829108,1412,Phường Điện Bàn Đông,Đà Nẵng,Đà Nẵng,,GS.TS.BS Lê Văn Cường,Hiệu trưởng,Bộ Y tế chấp thuận cho phép đào tạo ngành Y khoa hệ chính quy khóa đầu tiên từ năm 2018,,,16.054400,108.202200,Approximate
Học viện Cán bộ Thành phố Hồ Chí Minh,Học viện Cán bộ Thành phố Hồ Chí Minh,,1878,thành phố Hồ Chí Minh,Hồ Chí Minh,Hồ Chí Minh,,Nguyễn Văn Y,Giám đốc,Thành ủy Thành phố Hồ Chí Minh,,,10.812578,106.702581,Exact
Khu đô thị Đại học Phố Hiến,Khu đô thị Đại học Phố Hiến,Q10779502,,Việt Nam,,,,,,Bộ Giáo dục và Đào tạo,529,80000,16.047079,108.206230,Approximate
Dự án Khu đô thị đại học quốc tế Tây Bắc Thành phố Hồ Chí Minh,Dự án Khu đô thị đại học quốc tế Tây Bắc Thành phố Hồ Chí Minh,Q10757727,,Hồ Chí Minh,Hồ Chí Minh,Hồ Chí Minh,,,,Bộ Giáo dục và Đào tạo,,,10.823100,106.629700,Approximate
Đại học Phenikaa,Đại học Phenikaa,,,Hà Nội,Hà Nội,Hà Nội,,Hồ Xuân Năng,Giám đốc,Bộ Giáo dục và Đào tạo,,,21.027800,105.834200,Approximate
